,x,y,z,r,g,b,inlinear_idx
0,-0.27727167598000607,-0.4957594814955668,1.049348712329474,82.5,45.0,102.5,2.0
1,-0.27727167598000607,-0.4957594814955668,1.049348712329474,82.5,45.0,102.5,4.0
2,-0.27727167598000607,-0.4957594814955668,1.049348712329474,82.5,45.0,102.5,11.0
3,-0.2064900006712484,-0.47526316279209657,1.0888201481670667,13.0,18.0,30.0,20.0
4,-0.04243325342905912,-0.46455798162726347,1.1653177236095535,42.5,36.0,59.0,24.0
5,0.03942728571184277,0.4063614153334321,1.15657674791408,39.5,54.0,86.0,28.0
6,-0.2250250921655696,-0.5044422011760882,1.0688147047987209,99.0,73.0,127.5,30.0
7,0.3651179054592433,-0.27434029905572854,1.425947137459692,20.5,0.0,41.0,72.0
8,0.1076263991378616,-0.449470922201366,1.2377130862751144,46.0,25.0,69.5,77.0
9,0.001894414395110966,0.38514208000209893,1.161977838033802,39.0,41.0,79.0,81.0
10,0.20448714875460317,-0.17055426164451792,1.3979261985844642,9.0,16.0,72.5,84.0
11,0.20448714875460317,-0.17055426164451792,1.3979261985844642,9.0,16.0,72.5,87.0
12,-0.013345194977774847,0.3235262441395646,1.1981152484430664,86.0,6.0,46.0,90.0
13,-0.211364797720326,-0.5083272461676672,1.0730954446343324,75.5,73.0,96.0,91.0
14,-0.29023794856773566,-0.3324530612368307,1.1105553997546824,72.0,82.0,109.0,102.0
15,0.14734624436564,0.3833974435733191,1.2009928943001886,31.5,46.0,0.5,118.0
16,0.20283885362877743,0.44500734190713703,1.1754106967163904,62.0,89.0,54.0,126.0
17,-0.031968800907526074,-0.45607164483256785,1.1736643419945831,38.5,37.0,61.5,133.0
18,0.015521590928566597,0.3947184802014246,1.1597449284511512,46.0,47.0,121.0,138.0
19,0.06308854072287348,0.3834109469525769,1.1785116443668686,27.0,60.0,66.0,142.0
20,0.3651179054592433,-0.27434029905572854,1.425947137459692,20.5,0.0,41.0,145.0
21,0.1149961368394169,0.16616638706490303,1.335437899822047,3.5,31.0,42.5,148.0
22,-0.02332007627648234,0.40168072983055975,1.144241666606386,125.5,70.0,92.0,149.0
23,0.12157516893044085,0.1921998902046983,1.3219209154388354,52.0,108.0,126.5,152.0
24,0.2245969316535986,-0.39664595597313873,1.3121412755272397,23.5,9.0,69.0,155.0
25,0.1149961368394169,0.16616638706490303,1.335437899822047,3.5,31.0,42.5,156.0
26,-0.2029969322694866,0.25122126992361504,1.198562850026545,10.5,56.0,56.0,159.0
27,0.11803117767234203,-0.15465818961045727,1.3657053172558662,16.0,109.0,23.0,161.0
28,0.37091200439694566,-0.2703631309192722,1.4302980602187123,21.5,38.0,31.5,162.0
29,-0.2109865939232428,-0.41979978390408473,1.110051800565168,80.0,90.0,125.5,163.0
30,-0.2755245286062289,0.2802626112963309,1.1615028355655128,27.0,116.0,9.5,166.0
31,0.023479698607360315,-0.31192231291410455,1.2585640029014893,42.5,48.0,80.5,173.0
32,0.11803117767234203,-0.15465818961045727,1.3657053172558662,16.0,109.0,23.0,198.0
33,-0.05206863543941244,0.3874823882102332,1.145185546823781,5.5,60.0,73.5,207.0
34,-0.27592157164479464,-0.493245150423688,1.051600510681148,66.0,71.0,91.5,209.0
35,0.06308854072287348,0.3834109469525769,1.1785116443668686,27.0,60.0,66.0,217.0
36,0.301124296131414,-0.18836165717278402,1.4333505821934842,17.0,2.0,20.0,218.0
37,0.12487819840071127,-0.15601518258149089,1.3683461345574484,33.0,1.0,48.5,223.0
38,-0.054644565886789946,0.4080814764226323,1.133052795186751,7.5,82.0,95.0,225.0
39,-0.30637642864554654,-0.48838778007736683,1.0398709480692374,1.5,4.0,30.5,227.0
40,0.12157516893044085,0.1921998902046983,1.3219209154388354,52.0,108.0,126.5,231.0
41,-0.08126223678503228,0.2537245781781467,1.2270568571886493,126.0,103.0,55.0,241.0
42,-0.0903495724943242,0.23784083087170013,1.236740563534661,105.0,115.0,9.0,247.0
43,0.11871563788606851,-0.3133293197017741,1.299923214550942,20.0,35.0,37.0,248.0
44,-0.09951335570234579,0.25607955451313513,1.2217670198582955,125.5,96.0,57.0,254.0
45,0.31366848137177605,0.2154712536736701,1.3545234983683712,122.5,23.0,32.5,257.0
46,0.05114047568015293,0.30058888637456016,1.2290392637669194,21.0,50.0,73.5,261.0
47,0.19005939772998248,0.06967785865384066,1.4165747594123077,103.5,124.0,15.5,263.0
48,-0.2510427754619729,-0.5003428705440458,1.0591154194627619,5.0,6.0,30.5,271.0
49,0.1155966259113476,0.19693970389086846,1.3156310041429942,56.0,2.0,22.0,274.0
50,0.2989485768409528,-0.36469545929665953,1.3584488249357662,76.0,33.0,48.0,276.0
51,0.03756499018076933,-0.24130496005170643,1.2947067540104364,44.5,102.0,105.5,278.0
52,0.10998432430738961,-0.4706615254612865,1.2301573106326618,65.5,45.0,53.0,280.0
53,0.1894203365412415,-0.4816251536900876,1.2605803250280674,60.0,77.0,84.0,281.0
54,0.12487819840071127,-0.15601518258149089,1.3683461345574484,33.0,1.0,48.5,283.0
55,-0.00031534889238821315,0.2969453110125115,1.2183112490244696,36.5,49.0,84.0,289.0
56,0.03174405770823811,-0.17028711211071432,1.3226516221131785,32.0,23.0,59.0,292.0
57,-0.15439405868698325,0.4247149899477901,1.0949565693986592,26.0,104.0,6.0,298.0
58,-0.04890297891806733,0.24679146337544178,1.2408209371671801,124.5,32.0,58.5,299.0
59,0.3038677977916366,0.21688327503851493,1.3510500537771846,115.5,11.0,29.0,300.0
60,0.2896371572039542,-0.4087457099108179,1.3382309143708813,35.0,14.0,59.5,310.0
61,-0.05206863543941244,0.3874823882102332,1.145185546823781,5.5,60.0,73.5,321.0
62,0.07769436106493352,0.3778183787144341,1.1856341360826832,30.5,51.0,62.5,323.0
63,-0.19064356519049047,0.2683202933041725,1.1913385756533026,34.5,55.0,65.0,339.0
64,0.4064239138550291,0.11660099957623662,1.4430755337228862,122.0,25.0,33.5,343.0
65,0.27494297253248096,0.27392459427381977,1.3049350962782382,120.5,17.0,21.5,344.0
66,0.31293137079850186,0.3475695879525415,1.2647398444310094,34.0,53.0,63.5,345.0
67,0.3873430466954233,0.11649758054269548,1.4386139750365297,40.5,66.0,72.5,351.0
68,0.1253424516498902,-0.3394404812409341,1.2920664883627586,95.0,40.0,74.0,357.0
69,0.27494297253248096,0.27392459427381977,1.3049350962782382,120.5,17.0,21.5,361.0
70,0.3100074553804093,0.18369475590398812,1.3744516756763097,35.0,93.0,71.5,368.0
71,0.11312623854293168,-0.4122607527438954,1.2563044406233013,16.5,102.0,116.5,369.0
72,-0.042771923627073064,-0.453583888150103,1.169692964895534,41.0,32.0,64.0,372.0
73,0.29136632818390407,0.17422447870580987,1.3763055304143836,52.5,109.0,87.5,375.0
74,-0.12383734748114889,0.41967588526379,1.1071803140631336,27.0,47.0,58.0,378.0
75,-0.0486986675841106,-0.4479019300410752,1.1703142171354786,28.5,25.0,124.0,379.0
76,0.1877245595323712,0.19924810812681076,1.3332669800042203,38.0,64.0,72.5,393.0
77,0.1796467378303606,0.23121697511573652,1.310002949541895,109.5,4.0,20.0,394.0
78,-0.24380289368058075,0.347659531566508,1.1234899853667348,34.0,54.0,70.0,396.0
79,-0.30637642864554654,-0.48838778007736683,1.0398709480692374,1.5,4.0,30.5,400.0
80,0.2050019517213569,-0.40913520485228455,1.2974762236302813,78.5,67.0,107.0,407.0
81,0.03174405770823811,-0.17028711211071432,1.3226516221131785,32.0,23.0,59.0,411.0
82,0.39870694186828703,0.11099598525693642,1.4455152524927186,5.0,35.0,41.0,416.0
83,0.3900788605004479,0.2784568560716606,1.3296146704869756,108.5,1.0,20.5,418.0
84,0.1877245595323712,0.19924810812681076,1.3332669800042203,38.0,64.0,72.5,426.0
85,0.4889535072134423,-0.019628913602084824,1.555617113412989,33.5,109.0,80.5,430.0
86,0.159834648426783,0.28721342929864563,1.2685878303419214,31.0,54.0,67.0,431.0
87,-0.11231268805460787,0.24579316756617373,1.2252266926070914,122.0,9.0,26.0,435.0
88,0.18897854909088574,-0.4936835576437091,1.256094439753994,51.0,124.0,75.0,437.0
89,0.44163893386968245,0.10395224608800237,1.4604059019011422,115.5,20.0,30.0,439.0
90,0.05114047568015293,0.30058888637456016,1.2290392637669194,21.0,50.0,73.5,444.0
91,0.30580156328271924,0.3478833782005845,1.2619396556470404,37.5,57.0,67.5,453.0
92,-0.010086768312313494,0.180059007045463,1.2931813157184149,117.0,16.0,27.0,458.0
93,0.033964847451987,-0.46232125716172673,1.2001047304322061,19.5,50.0,95.0,459.0
94,0.05187040589638719,-0.44830825387298706,1.2140837553808475,29.5,45.0,41.0,462.0
95,0.19336609300641378,0.22000913376056794,1.3244338254036119,41.0,66.0,74.5,463.0
96,0.033964847451987,-0.46232125716172673,1.2001047304322061,19.5,50.0,95.0,464.0
97,0.2834914918079007,-0.37567743453526653,1.3474419176643133,78.5,65.0,95.0,467.0
98,-0.022626172503144703,0.3246709920832179,1.196373538794881,75.5,94.0,15.0,473.0
99,0.024765681890282484,-0.3781572293302617,1.2317172007823696,25.5,24.0,49.0,478.0
100,0.3903920041777075,0.1127772832366572,1.4411260874164757,103.5,4.0,19.5,479.0
101,0.033964847451987,-0.46232125716172673,1.2001047304322061,19.5,50.0,95.0,483.0
102,0.05423081863537997,-0.1431318335399511,1.3422863976707542,17.0,73.0,114.5,492.0
103,0.2245969316535986,-0.39664595597313873,1.3121412755272397,23.5,9.0,69.0,499.0
104,-0.29023794856773566,-0.3324530612368307,1.1105553997546824,72.0,82.0,109.0,501.0
105,0.11780353482933127,-0.3276916390172367,1.2941636976775506,46.0,38.0,42.5,507.0
106,0.29526299392668226,-0.37431571652318535,1.3528742629035253,77.0,60.0,93.5,508.0
107,0.29136632818390407,0.17422447870580987,1.3763055304143836,52.5,109.0,87.5,525.0
108,0.11780353482933127,-0.3276916390172367,1.2941636976775506,46.0,38.0,42.5,530.0
109,0.040862404884396734,-0.14124441558882014,1.337107824963726,29.0,103.0,122.0,540.0
110,0.32925308414173454,0.08835916391777449,1.4421783707577567,55.5,90.0,27.5,542.0
111,-0.25825326806843946,-0.49861758213561885,1.0566270872441041,12.5,17.0,18.0,544.0
112,-0.25825326806843946,-0.49861758213561885,1.0566270872441041,12.5,17.0,18.0,547.0
113,-0.2547276540636277,-0.5024522999773867,1.0559329912969868,29.0,23.0,36.5,557.0
114,0.04001750015449548,-0.17044879725546816,1.3241939305842634,21.0,37.0,51.0,563.0
115,0.1130481385173255,0.30037487948998365,1.2461356565627482,98.5,93.0,10.5,564.0
116,0.19328906344993854,-0.39051181456363765,1.3003021155794139,10.5,1.0,54.5,567.0
117,0.11780353482933127,-0.3276916390172367,1.2941636976775506,46.0,38.0,42.5,571.0
118,0.0002420300496265723,0.14614140155225594,1.3180116166715001,65.0,91.0,102.5,575.0
119,-0.08126223678503228,0.2537245781781467,1.2270568571886493,126.0,103.0,55.0,576.0
120,0.20533945664314604,0.2714715931348402,1.2890681862146312,51.5,71.0,88.5,606.0
121,-0.24015226240319287,-0.4985368388631303,1.0646221701259246,75.5,70.0,98.5,607.0
122,-0.13021769434672106,-0.4433215371817761,1.1361431631560202,9.5,72.0,51.0,609.0
123,0.373241470344567,0.19795328755987276,1.38149367833361,105.0,124.0,17.0,621.0
124,0.1877245595323712,0.19924810812681076,1.3332669800042203,38.0,64.0,72.5,638.0
125,-0.03841882164062422,0.2711482158154709,1.2261338587010637,2.0,25.0,41.5,647.0
126,-0.042283828532673186,-0.15169848760239782,1.29817559136377,20.0,28.0,31.0,653.0
127,0.4676647118695985,0.1689365530553453,1.4255342196310077,52.5,35.0,55.5,668.0
128,0.4622583838160254,0.15178941756583905,1.4355618507834857,37.5,28.0,117.5,670.0
129,0.2366339617115763,0.03310459053994049,1.4531919554874073,53.5,42.0,45.0,672.0
130,0.1324135339525234,-0.4061223434725178,1.2673962652038344,65.5,57.0,97.0,674.0
131,0.3733749291643059,-0.2956825276590601,1.4197827356741919,98.0,35.0,55.0,676.0
132,-0.05222008295203831,-0.4424213744168946,1.1700776668292687,37.0,33.0,67.0,679.0
133,-0.0429585808580826,-0.44436753065195006,1.1736361992082323,43.0,43.0,70.0,680.0
134,0.2862394401486552,-0.4810777956715603,1.3056922225205703,4.5,10.0,31.0,683.0
135,0.2808674147545526,0.13752128112663645,1.3964305493337947,91.0,108.0,6.5,690.0
136,0.04883634584458169,-0.15747337008136647,1.33480071561042,52.5,46.0,83.0,695.0
137,0.5531781071209448,0.23709369061738325,1.4026550870638461,84.5,43.0,45.5,700.0
138,0.39017687923962735,-0.20441914423760957,1.4662470994576149,0.5,122.0,14.0,708.0
139,0.04537863099063655,-0.14701040574733856,1.3373073854193065,1.0,45.0,27.5,711.0
140,0.40609817136919935,0.11686946085625849,1.4440338467634295,116.5,14.0,28.0,712.0
141,0.19806693984379406,-0.3362014481903122,1.3255998560405386,18.0,93.0,94.5,719.0
142,0.28772167783856945,-0.3741278576474736,1.3496835309437276,100.5,97.0,34.0,726.0
143,-0.0486986675841106,-0.4479019300410752,1.1703142171354786,28.5,25.0,124.0,740.0
144,0.05242657113131287,0.44869997292566355,1.1331700796073132,36.5,53.0,62.5,742.0
145,0.04001750015449548,-0.17044879725546816,1.3241939305842634,21.0,37.0,51.0,743.0
146,0.2411187610000174,0.19656774909478497,1.3506668545958411,103.0,65.0,88.0,748.0
147,-0.13252987271293534,0.16069578486160863,1.2766778759465955,24.0,77.0,23.5,766.0
148,0.3819413943553944,0.24919294828807487,1.3481912248331824,34.5,34.0,13.5,779.0
149,-0.06981144890201581,0.159548517251986,1.2931127223127328,5.5,86.0,69.0,781.0
150,0.200466370490271,-0.1822734680018674,1.391197599354043,16.5,37.0,110.5,783.0
151,0.200429451094105,-0.27122187749218046,1.3537305596930675,22.5,38.0,37.0,788.0
152,0.041599672507382925,-0.09519128475524971,1.357261596787221,19.0,38.0,27.5,790.0
153,0.24486522777829067,0.39325386573496246,1.2190516490192862,102.0,114.0,13.0,793.0
154,0.28286551055722775,-0.3530253975881997,1.3564725669226547,78.0,49.0,73.5,800.0
155,0.09110342358330681,0.1625239439260109,1.3317935065599067,116.5,15.0,28.0,803.0
156,0.4054693483834653,0.07909823206877208,1.4672338661954116,37.5,60.0,66.5,812.0
157,-0.15439405868698325,0.4247149899477901,1.0949565693986592,26.0,104.0,6.0,818.0
158,0.3765062553421036,-0.22869317254558105,1.4503890589915354,11.0,10.0,91.0,827.0
159,0.4627957768483098,0.15764255391238358,1.4315552043621493,4.5,6.0,26.0,831.0
160,-0.05287049665538255,-0.3654883172120423,1.2028323876484068,15.0,34.0,109.5,832.0
161,0.5580066248277771,0.21704497135179365,1.4158188405083691,41.0,62.0,66.0,833.0
162,0.18771028346174942,0.0634002370799958,1.419823319772665,109.5,4.0,21.5,834.0
163,0.12081093971668978,-0.18340898698018035,1.3553241365057702,77.0,71.0,110.0,841.0
164,0.2257927032481831,0.27718286147149146,1.289574417356554,38.5,66.0,71.5,843.0
165,0.2747438353359415,-0.34844819791776016,1.3530027492866334,33.0,22.0,54.5,845.0
166,-0.21020277278798466,-0.4263986667525327,1.108107825441106,79.0,88.0,113.5,848.0
167,0.26367607382783503,0.19102954087742444,1.3590209708168512,107.0,53.0,70.5,850.0
168,-0.05252865405407499,0.18721208048703053,1.2769344306676682,120.0,20.0,31.0,851.0
169,-0.05238270901864494,-0.4521046134937185,1.1664373733553723,40.0,36.0,56.5,853.0
170,-0.15664682088403498,0.258595525237356,1.2060974137228742,10.5,115.0,51.0,855.0
171,0.247281606697306,0.2262480239276291,1.329744953480083,114.0,9.0,24.5,856.0
172,0.4602119844454138,0.3187897766851076,1.3248590743422919,8.0,44.0,65.0,870.0
173,0.20472770222698036,-0.4674090475136512,1.2732508842892947,80.5,100.0,118.0,881.0
174,0.1297153468722176,-0.40847339320314763,1.2643784798503204,61.0,59.0,99.0,882.0
175,0.34316410371598066,0.09600176752882977,1.4404295896854495,35.0,97.0,30.0,885.0
176,0.37674241599433284,-0.28968115044588133,1.4255893870902672,106.0,41.0,81.0,889.0
177,0.40609817136919935,0.11686946085625849,1.4440338467634295,116.5,14.0,28.0,898.0
178,0.3651742697625764,-0.44016326461576166,1.3483441720511504,80.0,60.0,105.5,902.0
179,0.3336169742819989,0.09804120210350781,1.43721439199797,55.5,120.0,44.5,909.0
180,0.1155966259113476,0.19693970389086846,1.3156310041429942,56.0,2.0,22.0,918.0
181,0.0329762814751646,-0.21366332427788068,1.3040455668847983,51.0,24.0,37.0,923.0
182,0.3608008848538072,0.2544834468835672,1.340352140671351,33.0,55.0,64.0,935.0
183,0.34682502514918295,0.11926359136771525,1.4257664284978313,110.5,12.0,21.5,945.0
184,0.2399557064192033,0.28061424535294655,1.2913695561415448,43.0,61.0,90.0,947.0
185,0.3336169742819989,0.09804120210350781,1.43721439199797,55.5,120.0,44.5,954.0
186,0.19057078539069025,-0.395370446396066,1.296635634288667,31.0,48.0,85.5,956.0
187,0.19992538982306615,0.06794692916486418,1.4199405376564482,104.5,2.0,14.5,957.0
188,0.38615091948377694,0.08305171693122265,1.4615715806566807,32.0,62.0,65.5,965.0
189,-0.28971431919190316,-0.183292535833546,1.1734177988022383,119.5,74.0,65.0,968.0
190,-0.22099576102409613,0.3678731707296783,1.1143494167895487,85.5,19.0,71.0,971.0
191,0.47968751531241505,0.14722758930200056,1.4426037523746762,7.5,15.0,77.0,984.0
192,-0.0657876248701895,0.17605272118614282,1.2848670359749481,46.5,65.0,61.0,1002.0
193,0.27503877366829216,-0.2841757004546362,1.3810832942512294,73.0,105.0,23.5,1016.0
194,0.2870595441777155,-0.3438785854926009,1.3609405202401628,97.0,96.0,124.0,1017.0
195,0.3728214552222356,0.24713937146990228,1.346898909026059,54.5,46.0,6.0,1021.0
196,0.2831915404230571,0.09305189392180152,1.4264491299462507,29.5,49.0,65.0,1029.0
197,-0.11202468655745396,-0.05996623767281216,1.3026933587221166,9.5,90.0,90.5,1030.0
198,0.1206740907868648,0.2909105001222397,1.2543508703928998,94.5,114.0,6.5,1032.0
199,0.28341221658878407,0.2887838921987804,1.2967649253029012,40.0,60.0,70.5,1038.0
200,0.3272423150872386,0.09850409226851484,1.4342093953682995,81.0,3.0,53.0,1040.0
201,0.4392987864129019,0.17124231321710437,1.4177000224148169,26.5,93.0,59.0,1047.0
202,0.4309708181484409,0.1590610505201665,1.421547088698788,5.0,49.0,32.5,1053.0
203,-0.2112726503805996,-0.4132271568543929,1.112561991049269,81.5,78.0,104.0,1061.0
204,0.06408644430453878,0.24980345786064065,1.2669481591258478,115.0,3.0,26.5,1069.0
205,0.011304663747085395,0.4064266871639987,1.151016997315868,84.5,90.0,63.0,1075.0
206,-0.05984011419796052,0.35510378537379,1.1656901218917988,107.5,0.0,20.0,1077.0
207,0.26758440863130545,0.279821565014292,1.299367928692591,40.0,52.0,82.0,1084.0
208,0.38615091948377694,0.08305171693122265,1.4615715806566807,32.0,62.0,65.5,1091.0
209,0.2929948728425934,-0.29903150225656516,1.3830919533742787,99.0,23.0,64.5,1092.0
210,0.38409875123853676,0.06818139819142653,1.4684475765106448,44.0,66.0,72.0,1101.0
211,-0.11415176397433688,-0.4527967033116514,1.1385889028569784,49.0,47.0,53.0,1111.0
212,0.50058152598613,0.16174825211393057,1.4388898812472404,39.5,39.0,54.5,1115.0
213,0.4071704560511292,0.15114331150555496,1.4205924374475758,121.0,56.0,22.0,1120.0
214,-0.29336141163464236,-0.4144400839758335,1.0757457686360523,73.0,78.0,86.0,1131.0
215,0.2867199491005132,-0.28632976417476946,1.386034944447482,86.5,13.0,52.5,1135.0
216,0.3318455275586374,0.12249010265597983,1.4193118166807377,109.5,2.0,20.5,1143.0
217,0.3605107388900698,-0.22935493187789985,1.442160656609307,13.5,28.0,127.0,1148.0
218,0.37319920199065304,0.08389004288133194,1.4555275802999779,45.5,63.0,67.0,1152.0
219,-0.23104606906382483,0.09383605788630785,1.296805379310748,2.0,67.0,81.5,1155.0
220,0.4063042432899633,0.24297235724688335,1.358941296421307,42.5,43.0,5.0,1156.0
221,0.12029396625131412,-0.17752041120142878,1.3575486189175965,73.0,70.0,109.5,1165.0
222,0.37491122144648864,0.23658591355558392,1.3524240631524957,23.0,103.0,51.0,1171.0
223,0.46429597706184644,0.14984629049762116,1.4370753431537433,70.0,61.0,5.5,1174.0
224,0.21250288035394752,-0.39269499736909513,1.308253201698238,49.5,36.0,97.0,1181.0
225,0.3069574078147078,0.0019145474527891611,1.492371328764321,44.5,66.0,74.0,1186.0
226,-0.029813629386242258,0.06934497151863303,1.3606071368438204,28.0,20.0,3.5,1191.0
227,0.19135525897162398,-0.4930015783362985,1.256976031421121,60.0,74.0,82.5,1192.0
228,0.19769672975765923,0.0616548163798016,1.4237423878305948,109.5,4.0,17.5,1194.0
229,0.6099600402261864,0.2980571757381849,1.3777486740901774,41.0,64.0,66.5,1195.0
230,0.25975811623899797,0.217199567549974,1.339570455145708,110.0,12.0,29.0,1198.0
231,0.13412879621242121,0.045487427146590695,1.4229246667967363,38.0,71.0,77.0,1214.0
232,-0.02642515678684605,-0.05570620677742178,1.341563284842827,126.5,55.0,105.0,1220.0
233,-0.04568974257718155,-0.2265283913310326,1.2630078526512662,51.0,32.0,48.0,1224.0
234,0.28582073306944467,-0.3638056877587574,1.35309619951567,107.5,78.0,106.5,1225.0
235,0.25623919448981664,0.18870783056909987,1.3570434692261046,39.5,45.0,47.5,1242.0
236,0.4814951668136514,0.14021150192363815,1.448740501623734,15.5,26.0,96.0,1243.0
237,0.030466378158234112,-0.1579264657953714,1.3260699644141556,11.0,34.0,89.5,1248.0
238,-0.06981144890201581,0.159548517251986,1.2931127223127328,5.5,86.0,69.0,1249.0
239,-0.12459199546141758,0.16698902892664616,1.2734141694611294,47.0,44.0,63.0,1252.0
240,0.27260345854226353,-0.3612143974195221,1.3480787653071513,34.5,28.0,72.0,1270.0
241,0.4721720477643503,0.15876063124426631,1.433182049075354,120.0,6.0,18.0,1273.0
242,0.45481599252516586,0.136053634886345,1.4429532421858577,78.5,73.0,12.0,1291.0
243,0.40291056683316795,0.0854224253952495,1.4627226607744335,18.0,76.0,12.0,1302.0
244,-0.12030885959946203,0.16179477119729443,1.2773311403587133,28.0,81.0,20.0,1313.0
245,-0.12614028200670213,-0.288940385317979,1.1995520038492842,82.5,82.0,113.5,1314.0
246,0.24418247318756198,0.38634774762865265,1.223012153456035,118.0,11.0,25.0,1319.0
247,0.3819413943553944,0.24919294828807487,1.3481912248331824,34.5,34.0,13.5,1320.0
248,0.07537190729333106,0.38419849916535737,1.1805717054921174,26.0,46.0,57.5,1326.0
249,0.3790371993827035,-0.29915598902813684,1.4211160179898337,117.0,7.0,54.0,1328.0
250,0.2050019517213569,-0.40913520485228455,1.2974762236302813,78.5,67.0,107.0,1329.0
251,0.2860676604781853,-0.3510332770586735,1.3582687699641816,28.0,28.0,50.5,1331.0
252,0.21128536299777678,-0.1346141982012072,1.4162267904585515,0.0,54.0,70.0,1345.0
253,0.32703707980703306,0.08603045418734998,1.442503348673938,30.0,65.0,82.5,1346.0
254,-0.12663691371263014,-0.13662439274459748,1.2646662197869158,68.0,105.0,73.0,1351.0
255,-0.12663691371263014,-0.13662439274459748,1.2646662197869158,68.0,105.0,73.0,1354.0
256,0.19519470134808592,-0.485458437001247,1.2614265662791118,61.5,121.0,105.5,1356.0
257,0.46651549982456975,0.15998994569707997,1.4311220988358837,2.0,20.0,25.5,1371.0
258,0.49736961304395844,0.15551444363109093,1.4415577683681655,125.5,4.0,9.5,1376.0
259,0.22946927643677303,0.18744995776755705,1.350634204049673,21.5,14.0,28.0,1391.0
260,-0.11202468655745396,-0.05996623767281216,1.3026933587221166,9.5,90.0,90.5,1395.0
261,-0.04568974257718155,-0.2265283913310326,1.2630078526512662,51.0,32.0,48.0,1400.0
262,0.14221550519780102,0.4041095678289827,1.1861475724768724,110.0,126.0,15.5,1402.0
263,0.11875811464480217,-0.47983643574815715,1.2299805927949192,82.5,70.0,87.5,1411.0
264,0.4832419948163516,0.15911375961543134,1.435876335818823,124.5,14.0,29.5,1412.0
265,0.2865010293078903,-0.36247426276450884,1.3543970129486151,74.5,45.0,63.5,1413.0
266,-0.05623320711476722,-0.43384731018275047,1.1706188518509482,16.0,2.0,76.5,1431.0
267,0.37236649470347943,-0.14890451569664842,1.4823913699502655,20.0,34.0,69.5,1433.0
268,0.39755501450571606,0.09051489455194196,1.4589305637088616,32.5,56.0,66.5,1437.0
269,0.15949479961369803,0.12149244917452934,1.3768670209654508,45.0,56.0,36.0,1445.0
270,0.3073235949385564,0.17801706265260242,1.3768827504503107,20.5,61.0,54.5,1454.0
271,0.37930335959763856,0.08731717526224814,1.4571533708120536,22.0,80.0,16.5,1458.0
272,0.26770481126760826,0.10055800137021736,1.4186861196715783,14.0,54.0,70.5,1462.0
273,0.28648243329170353,-0.3705783471690378,1.3506091330975927,81.0,62.0,94.0,1469.0
274,-0.03594387911489827,-0.4581622558220406,1.1711202019924216,52.5,41.0,79.5,1482.0
275,0.466997493589015,0.15048647127978873,1.4375263853412499,17.0,10.0,70.5,1489.0
276,0.2126158016533777,0.14535074087610378,1.3745543052975797,25.0,58.0,61.5,1497.0
277,0.20634639374674213,-0.13134689057913557,1.4153067387944929,59.0,67.0,99.0,1502.0
278,0.29013673463233425,-0.27997613367237184,1.3923462663863153,48.5,39.0,30.5,1507.0
279,0.2564632384305136,0.18368124462389035,1.3603997908410352,47.5,52.0,57.0,1518.0
280,0.022030591159829818,0.05748090863201652,1.380298772501931,37.5,55.0,122.0,1535.0
281,0.2931482185426086,-0.2873442652885541,1.3884258027253833,70.5,120.0,38.5,1536.0
282,0.37236649470347943,-0.14890451569664842,1.4823913699502655,20.0,34.0,69.5,1544.0
283,0.4054693483834653,0.07909823206877208,1.4672338661954116,37.5,60.0,66.5,1557.0
284,0.12927744046321357,-0.10964738842342513,1.390364310324982,0.5,104.0,55.0,1569.0
285,0.27737265656525817,0.09215244655056294,1.425877548086859,25.5,50.0,65.5,1585.0
286,0.35841915789429446,-0.2226348850138102,1.4445629463260543,42.0,48.0,126.5,1586.0
287,-0.03246739238162166,-0.2293734527904453,1.268470207681418,39.0,37.0,21.5,1590.0
288,0.5528388176220832,0.1474649004801681,1.4608082862746647,36.5,123.0,58.0,1599.0
289,0.48983345625598024,0.1531058481811857,1.4414649858275075,38.0,40.0,63.0,1611.0
290,-0.15664682088403498,0.258595525237356,1.2060974137228742,10.5,115.0,51.0,1621.0
291,-0.03767452415844014,-0.2426022598586106,1.260862707238349,78.5,75.0,44.0,1628.0
292,0.1290740699204561,-0.39955207702316786,1.2677393997177153,93.5,100.0,23.5,1641.0
293,-0.04727061775286258,-0.21950447040977383,1.2662200221280835,45.0,32.0,33.5,1647.0
294,0.50058152598613,0.16174825211393057,1.4388898812472404,39.5,39.0,54.5,1654.0
295,-0.16427841834062176,0.4118361489622179,1.101066220588789,23.0,61.0,65.0,1662.0
296,0.19428082507996333,-0.48259943247974296,1.2626343780284972,53.5,67.0,85.5,1691.0
297,0.31361331102402706,0.1750860091720848,1.380542647370773,78.5,114.0,110.5,1693.0
298,0.37138918202942517,-0.27346358775692364,1.4286782231977304,122.0,107.0,19.5,1710.0
299,0.4046157931290088,0.0912320486996934,1.4595133945663763,7.0,70.0,3.0,1715.0
300,0.48395280622333436,0.13989920092995664,1.4478488381719765,77.5,74.0,26.5,1716.0
301,0.3964874135184236,0.2782193996310193,1.3323222255878713,105.0,121.0,22.0,1726.0
302,0.04862246779299454,-0.0882895888750736,1.3632896788727222,64.0,0.0,27.5,1728.0
303,-0.012586020060929334,0.14901555717870715,1.3127762975111334,34.0,67.0,67.0,1745.0
304,0.2518213185491244,0.253098161743464,1.3129746908924878,24.0,71.0,101.0,1750.0
305,0.24497551633967193,-0.16910722146618903,1.4211703801136357,17.5,33.0,57.0,1770.0
306,0.23998729941825467,0.1887155937068322,1.3533636805105194,83.0,47.0,82.5,1786.0
307,-0.13335159260749874,-0.1365343919911127,1.2622265983198304,73.5,74.0,105.5,1807.0
308,-0.24444340837638245,0.19135370578782585,1.229013321423274,26.5,90.0,34.0,1808.0
309,-0.13190712438175722,-0.4452118440935311,1.1344332579190326,84.5,85.0,114.5,1809.0
310,0.1877245595323712,0.19924810812681076,1.3332669800042203,38.0,64.0,72.5,1817.0
311,0.23739866511757243,0.19174192196314657,1.3496246217259726,46.0,64.0,63.5,1835.0
312,0.3083161548366953,0.3521688220713679,1.260600923508095,121.5,75.0,101.5,1841.0
313,-0.03841882164062422,0.2711482158154709,1.2261338587010637,2.0,25.0,41.5,1866.0
314,0.40291056683316795,0.0854224253952495,1.4627226607744335,18.0,76.0,12.0,1868.0
315,0.280679709774067,-0.4399703760898751,1.3191131193447256,0.5,42.0,122.5,1869.0
316,-0.04642080775668252,0.10618032581995632,1.332906632469255,23.0,51.0,60.5,1871.0
317,0.5013265935710293,0.1575781077070787,1.441460052575808,44.0,23.0,82.5,1916.0
318,0.4890575999311629,0.1440038371348505,1.447337335076411,50.5,37.0,48.5,1932.0
319,0.12240356474220819,-0.3220340420107194,1.2988476913312956,106.0,31.0,76.0,1938.0
320,0.282318973743294,-0.4232776831440445,1.3277566773884693,20.0,37.0,113.5,1944.0
321,0.3915701587885172,0.07978670785433997,1.4652581530606423,32.5,58.0,69.5,1951.0
322,0.24497551633967193,-0.16910722146618903,1.4211703801136357,17.5,33.0,57.0,1952.0
323,0.28373255363780653,-0.21878290658786553,1.413233555835309,31.5,32.0,14.5,1964.0
324,0.27071452776027205,-0.34263916075534284,1.3539513558968796,36.5,31.0,30.0,1971.0
325,0.0749764403852361,-0.4317562379621891,1.2341930528878304,26.5,44.0,39.0,1977.0
326,0.19014327171845816,-0.46255709956210267,1.2691176668206992,23.5,32.0,52.0,1988.0
327,0.20420619508364465,-0.4651428178037916,1.2743192604492353,15.5,32.0,47.0,1992.0
328,0.12159260410641609,-0.40239686760155347,1.2632027072134546,41.0,47.0,105.0,2000.0
329,0.35205111569628816,0.0018703728325588727,1.5043562819290999,29.0,104.0,97.0,2007.0
330,0.37036861883044325,-0.29900696995591375,1.41700981089353,75.5,78.0,125.5,2011.0
331,0.24300315503907338,0.18880709053663386,1.3533422915518352,44.0,54.0,52.5,2041.0
332,0.22799291895960935,0.2815512907245598,1.2869957859388363,26.0,52.0,51.0,2056.0
333,-0.029813629386242258,0.06934497151863303,1.3606071368438204,28.0,20.0,3.5,2072.0
334,0.3009110113620542,0.18584018391377188,1.3704266664855478,120.0,50.0,22.0,2075.0
335,0.41652695391827577,0.1537750253602885,1.4239368105359445,68.5,121.0,106.5,2102.0
336,0.40000589848488693,0.24420292929627313,1.356135486456456,49.0,50.0,17.0,2103.0
337,0.12243123311297983,-0.4514487322334762,1.2432690439655603,31.0,44.0,68.5,2110.0
338,0.46651549982456975,0.15998994569707997,1.4311220988358837,2.0,20.0,25.5,2163.0
339,0.4864514901600505,0.14694262586486156,1.4440474809094455,15.0,26.0,87.0,2164.0
340,0.18909933914064148,-0.34931756823172916,1.3158879786829993,81.5,71.0,112.5,2170.0
341,-0.008341960394642965,0.1506748658844441,1.314737272434805,63.0,85.0,107.0,2176.0
342,0.12132840962232413,0.29381859501420793,1.2514789171481235,31.5,62.0,64.0,2209.0
343,0.28480030130629147,-0.404648464464154,1.3358846975814271,22.0,41.0,44.5,2213.0
344,0.25623919448981664,0.18870783056909987,1.3570434692261046,39.5,45.0,47.5,2217.0
345,0.4911304043184376,0.16247687535419422,1.4358845835506955,19.0,75.0,0.0,2234.0
346,0.45586583010716736,0.09284763495747646,1.472397992825003,35.5,61.0,70.5,2235.0
347,0.17110012126640875,-0.539411419877953,1.8281699225375776,8.5,6.0,62.5,2236.0
348,0.07349994354565459,0.38020564476201235,1.1823969575582152,32.5,70.0,16.5,2247.0
349,0.1919421157521135,-0.1941632666942194,1.3816184877850999,43.5,42.0,112.0,2260.0
350,-0.19596808228725862,-0.05576318609158435,1.2679311346049384,2.0,41.0,97.5,2300.0
351,0.35888455429493926,-0.16140324795366043,1.469271235685185,53.0,45.0,75.0,2315.0
352,-0.08951004021052507,0.4106290332024338,1.125608557861203,7.5,43.0,58.5,2316.0
