0.13997898049308266,0.14134762512675647,0.16874371876358107,0.010233004162592318,0.0
-0.6567679942215454,-0.1987162510864841,0.6279356292101259,-0.39427270603304265,0.0
0.20094785838131968,-0.03177028867657178,0.18602398017619148,-0.05002219653139939,0.0
0.2680951952502535,-0.02879147596606546,0.120882253413371,0.042891578503005956,0.0
0.008217809512168661,0.012934324863284052,0.1507747848535057,0.14975182042680713,0.0
0.20489180994676226,0.03424603659640735,0.0864012363284079,0.037439104544672586,0.0
0.03643357620780818,-0.3384663342704259,0.15712718032467765,-0.2842084234492702,0.0
-0.13000281382415257,-0.2671410733161759,0.15013831452357673,-0.27193486626625196,1.0
0.17033065050974217,0.19276845778103724,0.0486100500914457,0.15642853424235836,0.0
0.2409635077140374,0.04586292870853248,0.0864012363284079,0.037439104544672586,0.0
0.18885923692597417,-0.21175588215155544,-0.07070578462262789,-0.03700472309367303,0.0
0.1846466351812618,0.060880353480823546,0.08748390079494417,0.048926340053690454,0.0
0.0836050251023106,0.15003765912465594,-0.020278207844415475,-0.013504941239316226,0.0
0.20196926664584236,-0.3138088031245473,-0.1527147885769774,-0.21970168158884723,0.0
0.18339222699822544,0.05614127377815803,0.06920090506392151,0.04534557551970153,1.0
0.19912403631120523,0.12167830110097055,0.13792272438160946,0.14563633734879766,0.0
-0.0022274339508184804,0.06648713506582282,-0.07112340196291467,-0.01957043699297406,0.0
0.08626514287266407,0.18048786250090543,-0.004955598449043919,0.12507950574025783,1.0
0.24827471128947554,-0.09967155075239026,0.16675275072884976,0.12028942635901052,0.0
0.21087737555229613,0.07766759442226201,0.09937382863428945,0.07023596511480512,1.0
0.10280085141876716,-0.3353363793085886,0.14831569494241637,-0.27207881126751954,0.0
-0.0003986604555989981,-0.29469059039661194,0.09036973281544258,-0.2638511696397852,1.0
-0.038364066121613805,-0.12209552940071344,-0.1034283030815406,-0.13509800709383601,1.0
0.19533563022870493,0.11961603254472697,-0.044766683190279544,-0.026469894203607125,0.0
0.1259064644674417,0.05248574272508333,0.019446368426770944,0.028232424704385806,1.0
-0.009801911872555413,-0.33150836182524807,0.15712718032467765,-0.2842084234492702,0.0
0.011712454616652157,0.20808554987414896,-0.05543488225228166,0.1323209649563596,1.0
0.1505279209446979,0.06689378853623429,0.040691448124909435,0.04620217206287125,1.0
0.08276554634307542,-0.31605713916277345,0.14831569494241637,-0.27207881126751954,0.0
0.07854035383166735,0.26611738385937267,-0.01584647017148344,0.19251013485984358,1.0
0.024136075347674923,0.15222930134542956,0.08252462414439377,-0.04761410629889179,0.0
0.18006055451434155,-0.07689524284052224,0.05842066232525711,-0.07454144144755903,0.0
0.03489849295596115,0.0027585450279770107,0.06855587584202516,-0.06086334179885555,0.0
0.26391046295541787,-0.13354488650767782,0.19832904964327103,0.039557288837280935,0.0
0.00926057963928728,0.05277847805075686,-0.06184740217115747,0.006706917508691901,1.0
-0.4680596298710705,0.30738977561839054,-0.22960288721841954,0.2350795877924453,0.0
0.042057758515319454,0.2112175384570114,0.07033902549163407,0.029438485758003785,0.0
-0.5560175677270073,0.37648811544799354,0.6568250726586267,0.1713973289466536,0.0
0.21087737555229613,0.07766759442226201,0.09937382863428945,0.07023596511480512,1.0
0.10895441180465015,-0.3342659873028484,-0.08471354308135959,-0.2776956194883565,0.0
-0.2095754336882515,0.3796419610359626,-0.251800585739443,0.20078340033318842,1.0
0.2849851428952991,-0.24900364948324094,-0.012108073482543835,-0.221183696173765,0.0
-0.048893413076742,-0.0012967428676843307,-0.029437990615493237,0.1341771127589454,0.0
0.08659978847511951,0.025570998343111717,-0.05330675974214105,-0.10027848936830003,0.0
-0.21649299896784008,0.384209297022128,-0.25779495780819933,0.20217750943883095,1.0
-0.0019831872238519344,0.28986802612994345,-0.08242209427739755,0.18952838666159644,1.0
0.13289886700076048,0.07653322293070042,0.03607000013581052,0.03892849321626468,0.0
-0.06041354019538603,0.031418737494114835,0.03096748583043607,-0.008566389839562483,0.0
-0.3477353313323917,0.2708960749628785,-0.22960288721841954,0.2350795877924453,0.0
-0.12700568084075758,0.3990244560788787,-0.20685045224902215,0.230972663606403,1.0
0.1721612631057149,0.02519055205843479,-0.0752441901392511,-0.1128662852088766,0.0
0.023656918866796994,0.18421805397109947,0.06376346221751417,0.09088146260004704,0.0
0.0756658393542663,0.1240398479374909,0.0645020026392511,0.08878831837154133,0.0
-0.08639925575836593,0.3316098129889178,-0.15604529393922928,0.19751899649608862,1.0
-0.05738390464290888,0.05390648342432636,0.09576388605950314,-0.06167205098779516,0.0
0.05343486018307253,0.0853566978351803,0.14055921678074745,0.03731768852763295,0.0
0.06356809312979861,-0.013885599727926246,0.0982241077249022,0.013297122854193821,0.0
0.0671962145081848,0.3475411647336303,-0.05786744667173693,0.24332682291666663,0.0
0.035992970108105204,0.2853359159966681,-0.054207353234101086,0.19518029694969574,1.0
-0.11189456803201503,0.4032216376711212,-0.19906543265835502,0.23702952973344926,1.0
0.17156122111763006,0.4190080541295451,-0.014828386435245533,0.3157993467514124,1.0
-0.018250104121396493,0.0283676339770752,-0.029592899486636237,-0.04215462961076705,0.0
0.09186513393180495,0.05492499156843034,0.23678832459619004,-0.08580221999266624,0.0
-0.2111857786016949,0.3877864187219324,-0.2558304091631356,0.2057170710424815,1.0
-0.03958968530439666,0.11812713901564531,-0.08676750031689118,0.051686865651709435,0.0
0.09238078948917139,-0.02897920571219037,-0.008957764626792653,-0.04250013298113137,1.0
0.17475906365438942,0.06637420720610598,0.06242678964309001,0.05101364867403668,1.0
-0.11189456803201503,0.4032216376711212,-0.19906543265835502,0.23702952973344926,1.0
-0.09337574299670437,-0.2664249911440225,-0.03556580359083006,-0.23409925867263326,0.0
0.0017484189392292793,0.03428617850708027,-0.06687203763309435,-0.009280137768452101,1.0
0.1854257772888599,0.20183098041612346,0.0986751118173258,0.025963929292517784,0.0
-0.052953440193575285,-0.05248234746215413,0.07292289131537011,0.026752266903882327,0.0
-0.009688029095139772,0.2950349089616833,-0.09007441567524987,0.19121823731529763,1.0
0.08660969132532959,-0.31818575681542444,-0.03956188658916415,-0.012426414749474868,0.0
-0.1547428569326742,-0.26061247784590935,-0.0959070883470049,-0.25070080348897217,0.0
-0.1257430320716536,0.4459218789611401,-0.22283336954947125,0.26019802588095753,1.0
0.185244767333949,-0.13858953987396783,0.05926226312382299,-0.10994048811431623,1.0
0.07144538606403017,0.2758941141985368,-0.025130109304831283,0.1973171905557366,1.0
-0.07430228761498625,0.3931722960126032,-0.17085557230551934,0.23929919226694918,1.0
-0.6068465680328639,0.2459156401655077,0.44512675082391717,0.19187769640464292,0.0
0.15311298925738803,0.11213159982525711,0.16170774368933793,0.04851738770733738,0.0
0.10676538676571778,0.43783754572287403,0.37104055754744314,0.14655779756084308,0.0
0.07274265944154712,-0.3232802250550032,0.14831569494241637,-0.27207881126751954,0.0
0.12044178878295664,-0.13229567732100173,0.006372342640880824,-0.11699209554496232,1.0
-0.004290409853505706,-0.04795582536578297,0.04081700211864403,0.345977151012241,0.0
0.06728732073011734,0.13675404658753443,0.1599495633691873,-0.25308196150564066,0.0
0.1505279209446979,0.06689378853623429,0.040691448124909435,0.04620217206287125,1.0
-0.05631757987921915,0.04143310087099816,-0.09654398308480006,0.005654244531363206,0.0
0.1823102698781327,0.3818569456893741,0.009169402682710381,0.2944496505142692,1.0
0.0017484189392292793,0.03428617850708027,-0.06687203763309435,-0.009280137768452101,1.0
-0.20888545259986596,0.10686738612288138,-0.0760248884090251,-0.05977908580282121,0.0
-0.20266805419745038,0.3755670796438143,-0.24692788829358608,0.19982749234934083,1.0
-0.027579013427133092,-0.31547011234925026,0.03150054211031439,-0.27700121748469864,0.0
0.2064560358720846,0.0890958726052079,0.19126244646802115,-0.03407139275948862,0.0
-0.14083808811612708,0.43580328808579605,-0.2288892453914964,0.25056446246197306,1.0
-0.07256398372990003,0.3695744405738447,-0.16088683277424665,0.22469446877716204,1.0
0.17253297366181364,0.02372783034776549,-0.04869139493245689,-0.0819427963272309,0.0
-0.1257430320716536,0.4459218789611401,-0.22283336954947125,0.26019802588095753,1.0
-0.1759720920704766,-0.15886102792716933,0.1362011138725916,0.11395259250959722,0.0
-0.1275267475984173,0.352487638413552,-0.19065462366905694,0.20176838025586696,1.0
-0.07256398372990003,0.3695744405738447,-0.16088683277424665,0.22469446877716204,1.0
0.00018681019574817714,0.3916620406209257,-0.12144151687898375,0.25565282983847604,1.0
-0.07430228761498625,0.3931722960126032,-0.17085557230551934,0.23929919226694918,1.0
0.07986344535437495,-0.3417754777700818,0.13818670607435168,-0.2803267006872012,0.0
-0.14083808811612708,0.43580328808579605,-0.2288892453914964,0.25056446246197306,1.0
0.1550571309575547,0.03149612119504197,0.0283906227364914,-0.004119232014160534,0.0
0.12485555985622188,-0.007132846169690732,0.016444390120237573,-0.019132660279045366,1.0
-0.3841449461794238,0.3070122648214544,0.21721173368915692,0.18638875873714322,0.0
0.17204582416612346,-0.014246487883438352,0.05505921055609875,-0.015157302531508043,1.0
-0.11942876257379043,0.31897526154842093,-0.1727279537089852,0.18202818011643485,1.0
-0.13140169751828912,0.4531133995183253,-0.2289555944879038,0.263392331685499,1.0
0.1937273366199478,-0.07100867036976677,0.08166569335796026,-0.006661222928436905,0.0
0.17894690827357673,0.0002618950207337045,0.06188517447124442,-0.001917651575854662,1.0
0.13627446569879043,0.2644408313188107,0.02685511507677818,0.20496452516116181,1.0
-0.02197088788389101,-0.025045687506790537,-0.0822834897417789,-0.058588551003639744,1.0
0.046670011000651934,0.2782773765708749,-0.043649500217296855,0.19294402116833265,1.0
0.08626514287266407,0.18048786250090543,-0.004955598449043919,0.12507950574025783,1.0
0.006781754762422154,0.2841240193348906,-0.07426352502987832,0.18765328197432274,1.0
0.24005138447504704,0.02716365959546574,-0.08481999872111767,0.22292815397291033,0.0
-0.1552323053043061,0.40512206536107487,-0.22706064873288784,0.22847148658192085,1.0
0.23682362118372446,0.04920499918513688,-0.1317318161035057,0.4273343705861582,0.0
0.04077215635412135,0.28233563532159933,-0.05005261242847314,0.19451546202737935,1.0
0.05836966264667531,-0.036122662078534706,-0.033044396458061676,-0.054123108272671305,1.0
-0.04147285374112708,0.09763892001213237,-0.09319331834890632,-0.0029190065687020317,0.0
0.2254281285084383,0.2575963349268434,-0.298893024036198,0.28412317051915836,0.0
0.1639454341635883,0.44554592432637985,-0.030595280131826774,0.3307556921583007,1.0
0.12060037585560623,0.14592670306388522,0.09937382863428945,0.07023596511480512,0.0
0.06481825723417356,0.27878164385049975,-0.031416933760683774,0.19768112030095608,1.0
-0.09242393762222945,0.4433500380269447,-0.20124299868490148,0.26629514002064314,1.0
0.14801040421736922,0.2606537691945531,0.037546868775351294,0.20532024968763585,1.0
-0.07285845205436037,-0.03333943065967693,-0.10084189081060768,0.007037177563197106,0.0
-0.018528869354809463,0.33131265674797183,-0.11043159875009056,0.212671418337136,1.0
0.15977258528900473,0.06545310066728238,0.05668143888979427,0.02676980909568305,0.0
0.16146031390337534,0.11030112869857311,-0.03892081850735185,-0.09194736295587064,0.0
0.22852694254309713,-0.024852864866271918,0.10842970221280601,-0.010993684528013192,1.0
0.12521722609282193,0.38661858974358976,-0.03364896546338547,0.2829660932067579,1.0
0.01300923285165867,0.3340544730325583,-0.08994850800829346,0.22176555935825004,1.0
0.05861390937364186,0.39691210739442995,0.4827984662465594,0.30849896557656087,0.0
-0.2852729621631899,0.435822881582283,-0.3168839917879907,0.219116405457772,0.0
0.02110941065026073,0.2788995585026438,-0.06177369667173693,0.1875483117620962,1.0
0.10947926286578302,0.14833889590576554,0.11175118890790237,0.10159496720176009,0.0
0.19505106475445455,-0.14367536080327392,0.06805712586466028,-0.11221015064781614,1.0
0.1910676432574605,0.08935281620083657,0.07975755559177167,0.07449298821617412,1.0
0.16420460590051422,-0.003058813593274645,0.21357144595194122,-0.043807910453335486,0.0
0.138516966128857,0.4158465691999855,-0.03634947271566713,0.30512449863284075,1.0
-0.39199919730325583,0.2543358214951832,-0.3341620957939483,0.1395586045016659,0.0
0.17661132105153554,0.07093751131754311,0.0645607123940678,0.055482804973833844,1.0
0.09532985828172535,0.11706024837480078,-0.0008965616172316171,0.07472552835949953,1.0
-0.2852729621631899,0.435822881582283,-0.3168839917879907,0.219116405457772,0.0
0.24076290426263947,0.025032849168839633,-0.08156358789883023,0.22372080639758074,0.0
-0.12243318122555413,0.32073153203317395,-0.17531291591970882,0.1825057097004925,1.0
0.239997555410691,-0.06395536530765611,0.16760991314917428,-0.051823065209419816,0.0
0.1143178662130595,-0.027045462004744336,0.007399056003730253,-0.03683796616960017,1.0
0.0944109445168767,0.32330797071925244,-0.028730502702629335,0.23403568591101698,1.0
0.06696321458967114,0.4782024827294292,-0.18539907496061492,0.22420675340431695,0.0
-0.007963376996414584,0.17339056049000434,0.024472135643017534,-0.07119452564781614,0.0
0.2409330210823193,-0.1549260596615602,0.10989058482272196,-0.11263183523015358,1.0
-0.08260978865620017,0.4354000298783137,-0.19222079479709908,0.26371275962443863,1.0
0.14933342500543245,-0.04262724313704186,0.03392872098181954,-0.0425864999818919,1.0
-0.2954595643990837,0.3333972067171882,0.1339555718528176,0.3596508651129944,0.0
0.03791992328969285,0.14929303552350426,0.19485923239895697,-0.06620490383483629,0.0
0.09686805385792407,0.12823080488103,-0.10541690150568594,-0.0607468772069209,0.0
0.14136035736274077,0.12922292900278864,-0.010129908418441302,0.026271837199406067,0.0
0.1770251187210271,0.031425138979429224,0.06213988992557584,0.023168107106964375,1.0
-0.09768160837000217,0.29088610986618135,-0.14798759229456393,0.1687073611563813,1.0
-0.08348707508284436,0.4693331364080834,-0.2048186349571744,0.2845294703163479,1.0
0.08065800761444297,0.12702513286795591,-0.010129908418441302,0.026271837199406067,0.0
0.18938161227455452,0.04799165246315007,0.0747207537710054,0.039995631428364486,1.0
0.4600322380215123,0.3497063521974142,-0.04674216033789658,0.32744368390554834,0.0
0.10370675000905405,0.1585251091011154,0.007130335089815976,0.11076981645208606,1.0
0.14633116376032163,0.12229708776981019,0.040625947844234345,0.09070568700881865,1.0
0.061740522123533204,-0.010085699265717785,-0.029734015102129474,-0.03256354234571923,0.0
0.06481825723417356,0.27878164385049975,-0.031416933760683774,0.19768112030095608,1.0
-0.08260978865620017,0.4354000298783137,-0.19222079479709908,0.26371275962443863,1.0
0.21700087371432708,0.37623545129834857,0.036895119762241024,0.30005148067416343,1.0
0.17863362453371723,0.265496404416558,0.05857408576886858,0.21612574469433576,1.0
0.1510533378829857,0.2510002586058597,0.043992492507786474,0.19957447452647403,1.0
-0.028394230203353632,0.3817111615873533,-0.13660589287492753,0.24252752143542666,1.0
0.14541253293405043,0.25695484243716493,0.03745830900061564,0.20225765179088806,1.0
0.08391074023522382,0.06285629040362883,-0.011713657105606234,0.028445265249257612,1.0
0.15977258528900473,0.06545310066728238,0.05668143888979427,0.02676980909568305,0.0
-0.0067539560471896465,0.06352038261217952,-0.03756101570422277,-0.23321373165992137,0.0
0.10053967704259015,-0.12505121188251483,-0.09105515151926702,-0.13018969475454512,0.0
0.19311816986274077,-0.06799360615402722,0.07022160598200056,-0.05344327760575113,1.0
-0.156102801205092,-0.2580872864096679,0.0462333660410329,-0.053461703980606234,0.0
0.13808781904153988,0.03975506290290454,0.0288020154280747,0.021321190175467186,1.0
-0.07178668072305516,-0.014727023689881213,-0.1027045815677966,-0.0021127023576705817,0.0
0.030813001367159254,0.08006875265962266,-0.04733378490330287,0.03189796470963713,1.0
0.23120545132098358,0.10066961658427498,0.09354472806207448,0.036158241604646535,0.0
-0.13657706850735185,0.4256415490773938,-0.22253288878024047,0.2451843854121396,1.0
-0.028069345981819538,0.32472273434104737,-0.11470757873614734,0.20619969352093293,1.0
-0.023382114773468077,0.31410454467260607,-0.10705677813314862,0.2004736533255469,1.0
0.09186166793423145,0.4507650800602998,-0.08283840302676371,0.31537005819480657,1.0
0.0011393936513109937,0.45339181107851656,-0.14437680090404537,0.29449739639921046,1.0
0.14549104838928728,0.4483180857733956,-0.04510267275097779,0.3275974610223815,1.0
0.042586924389758085,0.16204514794292335,-0.039385757324713944,0.0896602643325366,0.0
0.018781109096588477,0.3917378681596769,-0.10900219305691361,0.26011257843057367,1.0
0.09194584216101698,0.12450697952882805,-0.0030314746532305037,0.08000919408907359,1.0
-0.061829081898268856,0.08467690253558235,-0.047815417096733315,0.13955308719940607,0.0
0.10069875925775029,0.3707335691909315,-0.04401746183724464,0.26647897936132836,0.0
0.18696178009108355,-0.1419190903185209,0.061160002897291066,-0.11236788890473343,1.0
0.1329938636281327,0.027713055578190593,0.024527803808126913,0.010220767069118453,1.0
0.17412315920161525,0.22867067534043173,-0.15213384494286908,0.3927936534613573,0.0
0.10876300385701865,0.14691465384162683,0.06812361643035636,0.05094616782331962,0.0
-0.6067045947598078,0.37984313036451545,-0.27502131942180935,0.2159950978062074,0.0
0.1774520022997248,-0.014521150507478653,0.05964995970954656,-0.014149227747446758,1.0
0.028214422737396827,0.05673116534477762,-0.049727516003005956,0.01315041920179627,1.0
0.1913123851269376,-0.017537381844850042,0.09412270084111984,-0.004067914029679098,0.0
0.05491201176119076,0.12841492716029257,0.0549577063414457,-0.07495661844261553,0.0
0.024891238410835848,0.0825558534898776,-0.051300866697450376,0.03285829360875703,1.0
0.0014883276519267463,0.09113444505559176,0.11800639497772702,0.12933843867702444,0.0
0.15650252268035636,0.3807884281517093,-0.008770812961755747,0.2871391542852745,1.0
0.10079234119223524,0.4173208913923294,-0.06346934756627554,0.2964566045786252,1.0
0.17560795012132402,0.4061915024491163,-0.005375125624728416,0.30852450078317395,1.0
0.14134500794491522,0.07827269393741854,-0.1115079324659568,0.04576050494350281,0.0
0.06729750651890487,0.27120829768307253,-0.026021082885158586,0.19318232618517306,1.0
-0.005354824781797718,0.0652496678301101,0.095116522594343,0.0094577524604339,0.0
-0.11465336063124731,0.39633788355153554,-0.1980907446264305,0.23205462072649574,1.0
0.16126218616452992,0.08259245866833265,-0.027021129287085333,0.013753325942977734,0.0
-0.09627763178147186,0.48931157082971166,-0.2199232048113139,0.29344493562581486,1.0
0.10900484560607704,0.2693856073672678,0.005050453607127303,0.20179257150423724,1.0
0.013622219279661008,0.38580676823029836,-0.11004567053047587,0.25510711205725767,1.0
-0.26660326013146457,0.3248926389567941,-0.3575600197604302,0.23233352742919744,0.0
0.16347469510538892,0.3018814566583369,0.031349877317832786,0.23657286686947698,0.0
0.024147746563993877,0.3270686488211647,-0.07923054712398592,0.2198957597693032,1.0
-0.1117584745762712,0.2973694351640591,-0.1586699736527597,0.16947461984372736,1.0
0.14476934281290743,0.10430360893814283,0.03729986339725477,0.07533915139930103,1.0
0.21338109902397506,0.028211345780367214,0.08254832025025349,-0.10997571396720629,0.0
-0.07790696045876788,0.4481222215431696,-0.1934934171510575,0.2725360576923077,1.0
0.03883586619947843,0.012642827393886669,-0.0446802454548747,-0.01948056862731784,1.0
0.07385276895009418,0.3438256860694625,-0.05188435677875558,0.2425351607770172,1.0
0.018743831939011968,0.32713846391514556,-0.08287486673593003,0.21846578819897144,0.0
0.046670011000651934,0.2782773765708749,-0.043649500217296855,0.19294402116833265,1.0
-0.35986370565786613,0.34096659174453137,-0.5499594902691765,0.3369051499348109,0.0
0.04541319783970732,0.2833516677531508,-0.0477190765111184,0.19642275097783568,1.0
0.07910693833297111,0.06516775711194411,0.06472347281073443,0.08976788709392658,0.0
0.12044235466011155,-0.007151555483123295,0.0128925206884688,-0.020053024104103312,1.0
0.1479142758356874,0.24373361785636682,0.04525828896856443,0.19372033389015642,1.0
-0.07009011027813994,-0.01554913709392658,-0.1505853221085941,-0.22290431639776181,0.0
0.2654118057819064,0.053001645853704926,-0.004706612500905427,0.19573690786614517,0.0
0.18692457366815152,0.02590603298611116,0.061534047696653604,0.08765224924851511,0.0
0.14664473043875847,0.16009004237288138,0.042751099499311884,0.12279788905186151,1.0
-0.061293691375126746,0.07881041870382444,-0.1505853221085941,-0.22290431639776181,0.0
0.5593172239424888,0.24189897338566568,0.3888887474196001,0.3037047835859409,1.0
-0.028069345981819538,0.32472273434104737,-0.11470757873614734,0.20619969352093293,1.0
0.07718394629146752,0.06280437117467041,-0.01677040609608138,0.026906751367159254,1.0
0.10097717081794144,0.27263876439591483,-0.002842825356728973,0.20221337190352018,1.0
-0.07183485101586262,-0.022327921001285667,0.012038965735006513,0.03908736322749162,0.0
-0.10742537636489569,-0.13852591406136822,-0.10854181662411266,-0.13858306765400913,0.0
0.07276133338765756,0.2783536992521367,-0.025064821228089285,0.199103806202919,1.0
-0.6248674698019656,0.222346432257714,0.48326191963638987,0.15546371369332168,0.0
-0.015778777116833287,0.3294332372473924,-0.10758152309231495,0.21200877618879466,1.0
-0.3652016955943068,0.3147009084591844,0.6492382161741272,0.12521460891098068,0.0
0.1166683077104157,0.3294641482869767,-0.015241618227582188,0.2435569227147617,0.0
-0.0569065872627843,0.11296329777361291,-0.15176942005513905,-0.22184649747505614,0.0
-0.2429100897594343,0.4092600420559901,-0.28234189533762494,0.2119316046918006,1.0
-0.017045988270498302,0.4075997584836303,-0.13883555496704325,0.2615955302495292,1.0
0.20048200001358107,-0.03524038885946329,0.056265519180972,-0.07868730505532012,0.0
-0.1192607677934413,0.3921095079811313,-0.19957553554613933,0.22833567606475447,1.0
0.11050102480352741,0.15651872091391428,0.012839752643778013,0.11086191295903958,1.0
0.10971770935191216,0.12247314629961614,0.010596544867267799,0.08218240993499204,1.0
0.1544967711049544,0.2999993492412719,0.02526641496450821,0.23327047852835725,0.0
0.16804549708912786,0.055200679844813805,0.055655362138744,0.040282212839979015,1.0
-0.5778258366635204,0.4862550561123786,-0.6241906188319389,0.2058680895081848,0.0
-0.11387598688975809,0.40610152798149357,-0.20146418591780746,0.23823562615438942,1.0
0.17492910973942488,-0.08116252246532302,0.05320766050539616,-0.06781358648413732,1.0
0.10370675000905405,0.1585251091011154,0.007130335089815976,0.11076981645208606,1.0
0.02283625552296098,0.05484148932076638,-0.05337063312599599,0.01055088565433504,1.0
-0.010356754422895853,0.350844331155838,-0.112727291632714,0.2270965465648993,1.0
-0.34966263818720117,0.2461574819145661,0.16950920908481815,0.23146122779498046,0.0
0.09076966649464002,0.3265146550865565,-0.03452183097475736,0.23579450284296677,1.0
-0.08752821604963423,0.45172898105895987,-0.20085866199478486,0.2724342705390772,1.0
-0.018205116887585082,-0.009045121912574228,0.06217539871704336,-0.03569524799000434,0.0
-0.027183182357308433,0.45700394642727793,-0.1641826427934412,0.2898464520634144,1.0
-0.05421916591970877,-0.03887781184358252,-0.006141111088476037,0.06297947478677746,0.0
-0.41284469699541865,-0.27795381862392254,-0.1294770078453209,-0.31059667218962766,0.0
-0.08078306646566713,0.40297194437653916,-0.17874549137376866,0.2439592613718673,1.0
0.053490740552115,-0.012301002225028945,-0.03564113598707086,-0.03660627484200707,1.0
-0.1015922439179523,0.40750744977274367,-0.19333921562635809,0.24178784925938002,1.0
0.1774520022997248,-0.014521150507478653,0.05964995970954656,-0.014149227747446758,1.0
-0.031315429546030726,0.45675644590667097,-0.16712764434394467,0.2887648486165435,1.0
0.09532985828172535,0.11706024837480078,-0.0008965616172316171,0.07472552835949953,1.0
0.03862663312146897,0.15890007345085466,0.011486669631862956,0.03128501364895697,0.0
0.08843209870255686,0.052859398483901976,-0.00849530152198319,0.021440554887820484,1.0
-0.06487449127643774,0.04605408908490871,0.012038965735006513,0.03908736322749162,0.0
0.04705155367231639,0.1067199751240403,-0.03592598439989858,0.05631920677603941,1.0
-0.05281840775749669,0.08398600189682026,0.02607986337461976,0.021348281544256165,0.0
-0.015644876435064514,0.3557752432140011,-0.11791783520299148,0.229011828530168,1.0
0.041913247636896966,0.06780951924208678,-0.04046672415978558,0.02449993435825004,1.0
0.17492910973942488,-0.08116252246532302,0.05320766050539616,-0.06781358648413732,1.0
0.14476934281290743,0.10430360893814283,0.03729986339725477,0.07533915139930103,1.0
0.19748978308796894,-0.09773045064193103,0.07231287574243084,-0.0761873305197921,1.0
0.020780423819353855,0.3226997942470665,-0.08009824900631968,0.21624839856765177,1.0
0.1355007701588078,0.39328221764993476,-0.029052981946255274,0.2898253024047516,1.0
0.07397216902976966,0.1803983124411488,-0.014689392859082995,0.12255243983594089,1.0
0.2080829326923077,0.0061117562110676316,0.09041514445712007,0.009497788269140273,1.0
0.06556090026528316,0.13841857423855564,-0.0217683038624511,0.08596901228406129,1.0
-0.05798444177350426,0.48923319684376354,-0.19552137940478775,0.30233833172624214,1.0
0.003568350603904147,0.3787409431361365,-0.11387609299172463,0.2481529062318919,1.0
0.07790933006935385,0.15485150534640735,0.12361614741778937,0.0790675745033862,0.0
0.21455253546918007,-0.01599685202538753,0.073054245549942,-0.11678388811929596,0.0
0.14386747609734896,0.408519874737433,-0.029154556895552686,0.3018071145471172,1.0
0.12285143517764019,0.08139053559140952,0.01880098553165288,0.051358869105823546,1.0
-0.07144750810336087,0.46577171779932636,-0.1957433093514595,0.2847799416920179,1.0
0.1439829150369405,0.40851548918948277,-0.029154556895552686,0.3018071145471172,1.0
0.4697389410627626,0.2198299058154063,0.3208326825746052,0.26215150455417935,0.0
0.14541253293405043,0.25695484243716493,0.03745830900061564,0.20225765179088806,1.0
0.04378255208333337,0.3711003283219252,-0.18744935399464002,0.2885051110024627,0.0
0.13855381887856733,-0.012300683919129363,0.02663307902813994,-0.020680475766876705,1.0
-0.5370115313031925,-0.242805172598191,-0.2324180199618825,-0.2992109408952629,0.0
-0.01042989404516148,0.359074872903991,-0.11577072044084091,0.23229037929613938,1.0
0.1443813632886064,0.12795012981221932,-0.03435242150152107,0.006381821083224715,0.0
0.2016252133356874,-0.1424641361206178,0.014240157132768383,-0.1102343198269774,0.0
0.0253081484046791,0.3984724429143126,-0.10730608238718675,0.265899026012241,1.0
0.11424706083405767,0.052028089576090064,0.011176851889576955,0.025763007535220206,1.0
0.20145976500253515,-0.14257055639305372,0.04728313889794289,-0.10970600276827103,0.0
0.009957811028719399,0.0022056476803563596,-0.06268652725717083,-0.03250642412040056,1.0
0.0033299041177748956,0.3894865258990656,-0.11850273997718386,0.2550249184005142,1.0
0.18021185591862232,0.04018130986980295,0.06576553559140952,0.030844124610676538,1.0
0.6230416406363175,0.23848284373641893,0.4513069074360785,0.3210126315098508,0.0
-0.05798444177350426,0.48923319684376354,-0.19552137940478775,0.30233833172624214,1.0
0.114974991059141,0.0678208721525062,-0.10084189081060768,0.007037177563197106,0.0
0.11545244990855419,0.16797370142510504,0.017242347643234845,0.12138644995835146,1.0
0.042586924389758085,0.16204514794292335,-0.039385757324713944,0.0896602643325366,0.0
0.20006643397798052,0.38677753048946106,0.020197004472693014,0.30257048282902355,1.0
0.010369769597457612,0.15789953190641748,-0.05774981495817033,0.09131135240112997,0.0
0.14059210839037373,0.24611270688468778,0.03890094207228745,0.1934854948708895,1.0
0.010750958595900362,0.0738415221416413,-0.07932879754499855,-0.09219327194697957,0.0
-0.0903015092509597,0.3107291581785093,-0.15064502214843178,0.18323632784206145,1.0
-0.11301854153085611,0.39973364162320724,-0.19856671804831233,0.23451767177766913,1.0
0.11742828072939304,0.03210001822124442,-0.023910856240040523,0.026832055582717618,0.0
0.0643320272888599,-0.008799991002553242,0.12247201454530643,0.09898195870454873,0.0
0.10269234447432274,0.12334544593383312,0.00486887777506162,0.08171962852428294,1.0
-0.04342986914656666,0.07936409413253298,-0.09278708928636104,0.0018489682361835236,0.0
0.10553608938142833,0.3572301133791467,-0.03509789391840501,0.2590316823301463,1.0
0.14027203412465594,0.4130496506274446,-0.03422234049054762,0.30385106283047225,1.0
0.0836880675747863,0.33199680222819783,-0.04011206065297701,0.23717000873714322,1.0
0.10097717081794144,0.27263876439591483,-0.002842825356728973,0.20221337190352018,1.0
-0.03044907162193977,0.3390284624891351,-0.12132749263227949,0.2148389400441837,1.0
0.1778575947504708,0.05279396893787125,0.06213988992557584,0.023168107106964375,0.0
0.006399434009669691,0.3781446500842025,-0.11187348910799655,0.24855538635828622,1.0
0.16954478861093003,0.40398189362867587,-0.009166714766224882,0.3054529195865927,1.0
0.1844183037492757,-0.038003920679867464,-0.010112224757351851,-0.046974134604067075,0.0
0.15006581151311027,0.03054611955399822,0.03854840060480946,0.01627427330055775,1.0
-0.13442061677214612,0.4604954084727654,-0.23360236547968272,0.2669710802821237,1.0
-0.05155119660383167,0.31145185403991016,-0.12557776057511227,0.1925633980470447,1.0
-0.05974325870545416,0.038013894264721904,-0.10103354632949446,-0.04664097442914311,0.0
0.02958136973960601,-0.02346501577665505,-0.0377790198781327,0.11233220327665505,0.0
-0.09613969922497467,0.4530726563631754,-0.2068726629273504,0.27145296881790526,1.0
-0.23638775430519338,0.268799429369477,-0.23024204546483412,0.12484572774065628,1.0
-0.02122859852600323,0.4536885429115963,-0.15939288171809363,0.2894920007605388,1.0
-0.08156592214209402,0.44578868562581486,-0.19470686997501085,0.27022706669654495,1.0
0.16409829173004487,0.0786916906032703,-0.03956188658916415,-0.012426414749474868,0.0
0.14957788393633198,0.3656928769647254,-0.007253625574931144,0.2755822451515645,1.0
0.2080829326923077,0.0061117562110676316,0.09041514445712007,0.009497788269140273,1.0
0.02204204693611478,0.18492426866036504,-0.04983383017347531,0.11516781369965956,1.0
0.024924059285817757,0.39711582317017957,-0.10671693353433287,0.26491871457609006,1.0
0.2854438570639577,0.4653766648105896,0.047577182814537156,0.37597550148033465,1.0
0.14205192998062433,0.04163027369214467,0.03217174315062288,0.023829900439573337,1.0
-0.03660270274246702,0.4336031577076995,-0.16193993015944153,0.2733699484146386,1.0
0.1871177499818919,0.04007315659858035,0.0288020154280747,0.021321190175467186,0.0
0.1387429633175793,-0.07269816735024626,0.02302971477527882,0.00526205629572285,0.0
0.15700806318357963,0.055616882492213526,0.04568800193303635,0.03816869703389825,1.0
0.02007590676155291,0.3922441160093437,-0.10813049466717373,0.2607380848906272,1.0
0.04769934154534261,0.10102300686748511,-0.03454595148848327,0.05147989608231929,1.0
0.16388021682149068,0.09120956524789947,0.05412480590413593,0.0692996152601224,1.0
-0.024139187672026607,-0.08718433957609012,-0.08530258583224681,-0.10657079575909023,1.0
0.025603253340938714,0.21316705599014918,-0.045204318434919566,-0.09110310960814139,0.0
0.010401458718129808,0.16327380871541353,-0.057553031177567715,0.09549021372048383,1.0
-0.02121077339562505,0.3480016472683978,-0.11877439637883891,0.222501341128857,1.0
0.2754252142410908,-0.09576823624013109,0.15713729537882082,-0.05763419918196799,1.0
0.07305495289638564,0.20443330798203674,-0.014364084229682716,0.14222360296248004,1.0
0.03271265097602494,0.4103621585497247,-0.1067974295596118,0.2752115956151311,1.0
-0.14569483489968127,-0.1546727589001159,-0.10854181662411266,-0.13858306765400913,0.0
0.12272750808072574,0.05758988392727804,0.018002745070078263,0.032404424763237016,1.0
0.1843555621197306,-0.04271672246215413,0.06402914154172101,-0.03543968371994061,1.0
0.15385987636715914,0.034852232498551405,0.042009588222511995,0.020755808163117506,1.0
0.14755727808561492,-0.04911520155412502,0.03227855246360278,-0.047697219506011856,1.0
0.12901482767908878,0.12972861097530053,0.02626349051137189,0.09257226817144715,1.0
0.13077817162827754,-0.00844133098833838,0.02080249302839343,-0.019061536594143835,1.0
-0.020510217477908155,0.35105405937635803,-0.11930706361817323,0.2247637179939881,1.0
0.47070666173221776,0.33936834245527303,-0.027971732172606067,0.2916702033988845,0.0
0.16451965800648272,0.3965413163887078,-0.00981987847222221,0.2995327127924453,1.0
0.043445360033681046,0.20657975076506585,-0.03552817276003184,0.1375135244640011,1.0
-0.07279005165326669,-0.04086386382053092,-0.08801883154289802,0.0601012821078698,0.0
0.14192849802622043,-0.043135330087461954,-0.03482556553762861,0.09360273047044765,0.0
-0.007585158853034901,0.3456070673529624,-0.012376652927169385,0.3197031210388599,0.0
0.24032081273540484,0.060253396960560646,-0.056282707699550905,-0.09666702599866,0.0
-0.0008045358449224604,0.4567753320567144,-0.1472716515916993,0.2962526765989425,1.0
-0.003456943539041024,0.45208810084836304,-0.1471945508293495,0.2927194103786397,1.0
0.05175979307004197,-0.06699147308009201,-0.0385763407893307,-0.07858958514414022,1.0
0.11959849035292625,0.051702215069534985,0.01468161204820373,0.026380344143850487,1.0
0.12499893898033465,0.307405690913371,0.0004799345619658224,0.23106532599051133,0.0
0.24605229949840646,-0.11610140490321236,0.028430163402687225,-0.04659694211303056,0.0
0.15258028665073153,-0.09046267813812836,0.03396352242684342,-0.07913997141188611,1.0
0.07276133338765756,0.2783536992521367,-0.025064821228089285,0.199103806202919,1.0
0.07231174398812112,-0.036511242847312775,-0.02314480004164854,-0.05145446697767275,1.0
0.11645773067416343,0.24294917065044186,0.022364455445096354,0.1856455498288787,1.0
0.012479996242575675,0.14975507422044765,-0.056808478311060395,0.07909845017564832,0.0
0.041438335234680546,0.1630637268216717,0.07489744891261041,-0.08171793089281831,0.0
-0.05012610572396059,-0.01856639408364119,0.1892012389314428,-0.06180651754671879,0.0
0.02002023859644353,0.3947725258719035,-0.10916237165906129,0.26250864377354044,1.0
0.11873078847059249,0.031503689801988255,0.013353073957880657,0.010317178389377846,1.0
-0.04494288318937423,0.06378616803835291,-0.09892742229374907,-0.06507138115900696,0.0
0.04094779047606112,0.3058929598091409,-0.059375367820150626,0.20999948788117484,1.0
0.164730022838802,0.0900029029498044,0.05491576069734172,0.06827116889848617,1.0
0.05256630948500651,0.4281098344922497,-0.10048903103723017,0.2912850532603578,1.0
0.014236620400550515,0.40215877890500507,-0.1161185934217912,0.2657337898830219,1.0
0.21058899040725043,-0.02227370289638564,0.009536727690859004,0.031125896066474756,0.0
0.13944380217387364,0.4271263399971027,-0.0403882794391931,0.3126752097140736,1.0
-0.19312679948935246,0.3028106269466174,0.26113363302187453,0.33802983078009563,0.0
0.05378252096008984,0.4334546856891931,-0.10144419630731205,0.29491501373949724,1.0
0.20643722045668544,0.0014920765880775955,0.0900568027488049,0.0054371599078298916,1.0
0.12552258755251344,-0.047458490081305205,0.014917087679269914,-0.05075451230443284,1.0
0.17164086832717662,-0.005386938310336098,0.054578356443756304,-0.008260462502716226,1.0
0.1725716655122772,0.018532087781127804,0.05723543262440245,0.011999212864877595,1.0
-0.12039920652705349,0.44707159987052725,-0.21994707775378458,0.2620689572242141,1.0
0.1956651829367666,0.043986975205526524,0.08148355164873966,0.037294169258384025,0.0
0.12849146204548745,0.07488857171474361,0.052943466608720846,0.056155986584184414,0.0
0.034125504762422154,0.10103941730497612,-0.04459904208315224,0.049507778830309324,1.0
0.0205593780557366,0.3934495758184847,-0.10852724528737501,0.2615586067651745,1.0
0.10923331850735185,0.11448260719976822,0.009624084976640579,0.07545957713131968,1.0
0.18042950641931044,0.012480668221697133,0.06607952667771255,0.008562428699478541,1.0
0.07690709089345216,0.180908592165544,-0.012313416155113721,0.1234183026175214,1.0
-0.10063279920188684,0.46797340433959866,-0.2152904039117956,0.27929836042753153,1.0
0.15402284898775898,0.07614775448627409,0.04448480563251489,0.054239431395317284,1.0
-0.17130894600852886,-0.27976971841386894,-0.09325093171673549,-0.26829827441420395,0.0
0.15755632741199477,0.15097192230733014,0.09779290933289875,0.14554395790326669,0.0
0.2951507015744965,0.4106522413262349,0.07959090476966535,0.34374137037338837,1.0
-0.04750050646005355,0.32128566723707086,-0.1260350954182058,0.19937648825691723,1.0
0.0340614899092786,0.40980038400423724,-0.10558723052929886,0.27538362227020863,1.0
0.02102537789276404,0.40320275152107776,-0.1116869972181479,0.26788744759977545,1.0
0.13882841076796315,0.05403713031245472,0.030667005061205233,0.03264651408355068,1.0
0.0198762228605317,0.09416782954421987,0.026101932583659226,0.022935531596316783,0.0
-0.04320945999474868,0.12134507019140228,-0.10103354632949446,-0.04664097442914311,0.0
0.012006922941112608,0.38628910777017234,-0.1112572488863538,0.2549655012992539,1.0
0.1175668498976894,-0.059214022096371166,0.00848476205997395,-0.06073234123750543,1.0
0.09872009905113721,-0.07091915567733231,-0.006238088285890231,-0.07336307300720701,1.0
0.04624560313450676,0.4257874039140591,-0.10376620247763657,0.28824636367340284,1.0
0.13464155643379694,-0.09188787511996593,0.020020663004309713,-0.08319366777804937,1.0
0.18042950641931044,0.012480668221697133,0.06607952667771255,0.008562428699478541,1.0
0.02211759153628856,0.13134617082246847,-0.05121817789819638,0.07137691492829201,1.0
0.26195182065315803,-0.08160730190904314,0.14168764656218313,-0.056215721991344336,0.0
0.07268310087099816,0.18056475105932202,-0.014689392859082995,0.12255243983594089,1.0
0.02007590676155291,0.3922441160093437,-0.10813049466717373,0.2607380848906272,1.0
-0.1654340447540924,0.29476201470375196,0.006513670460307153,0.4809737953607127,0.0
0.01769540304034478,0.3927797894710633,-0.10991092103297484,0.2605961911940461,1.0
0.004629865411777456,0.37602749144393743,-0.11236191182728528,0.2468922026655077,1.0
0.1539968893732797,0.15734886270009418,0.04944358714055486,0.1223994408001956,1.0
0.012635966133384025,0.14274244157884253,-0.056808478311060395,0.07909845017564832,1.0
-0.06487449127643774,0.04605408908490871,-0.04671690806986095,0.13938735592767637,0.0
0.03736762718654929,0.15040208401238586,0.07201020219922494,-0.0828652821916196,0.0
0.09866167223489786,0.28449077846588433,-0.009326575062472808,0.2094502333677386,1.0
0.41769012623587565,0.3846738821662683,0.1878416483322468,0.3614857217876285,1.0
-0.29921617525894534,0.41968286263671584,-0.32009771425240835,0.20648362238338402,0.0
0.12617525611600033,0.16162356946255252,0.025845660967151907,0.11879968401419672,1.0
0.06052763517673476,0.1432668682321092,0.09442275720248439,-0.006080067090395491,0.0
-0.0090565809249602,0.18234167606022744,-0.04233157232362739,0.10709090759905115,0.0
0.3348135265011589,0.45676514626792697,0.09937382863428945,0.07023596511480512,0.0
0.2041946492919745,0.29742729610314356,0.06300815768506451,0.2441143824469434,1.0
0.24394992439881213,-0.1940161815401818,0.19646200870545416,-0.1460760592654462,0.0
-0.5390965764149191,-0.24059763276609808,-0.2324180199618825,-0.2992109408952629,0.0
0.026551309779262677,0.3220379301798131,-0.0760853665299508,0.21719150358087058,1.0
0.06837189503205132,0.18922564238374617,-0.017656428251303757,0.1279161771829277,1.0
-0.01163988087154133,0.36217828469053304,-0.11774552560933649,0.23390829281652903,1.0
0.13105042927440969,0.119587950890917,0.02723955786886134,0.08457359458749814,1.0
0.10269234447432274,0.12334544593383312,0.00486887777506162,0.08171962852428294,1.0
0.02102537789276404,0.40320275152107776,-0.1116869972181479,0.26788744759977545,1.0
-0.031045223204584915,0.4584190637222946,0.3265123915779371,0.4072300284975735,0.0
-0.051785540480588144,0.43479079238646234,-0.1718329836212516,0.27026087785654784,1.0
0.15685973263436181,0.05135632265862666,0.04567088414910181,0.03454711861011517,1.0
0.050950022861437017,0.4307401729773287,-0.10229170344868177,0.29246455345501954,1.0
0.14144771464852235,0.12604927771439955,0.03658784846715191,0.09268346303237718,1.0
0.40121800813505004,0.35916689867630014,0.18742664817380128,0.33943363053201503,1.0
-0.6353798316006174,0.29156056470013036,0.3421298937056352,0.3411959841961828,0.0
-0.015420576877806735,0.35399322531870203,-0.11714304327602132,0.2278461923258004,1.0
-0.06533157854827609,0.4967552603940315,-0.20297178876032157,0.30498791003458636,1.0
-0.09998769924534623,0.4909611734707735,-0.27835352241552586,0.32453620708387654,0.0
0.18499323493861364,0.16844734060372302,0.07950779156254528,0.14061912902451834,1.0
0.14159802576778213,0.02359990674344492,-0.03592598439989858,0.05631920677603941,0.0
-0.04066541777578592,0.10462658332427932,-0.04671690806986095,0.13938735592767637,0.0
0.15069789629508912,-0.09669595646820223,0.03193032580943067,-0.08420690619114879,1.0
0.4214073732661523,0.3278829460470085,0.22007181829910905,0.32435887533047225,1.0
0.16910382883800523,0.06508107180528389,0.05707981640681592,0.04882833720393309,1.0
0.14806083801879621,-0.09733596353034912,0.03025165122953788,-0.08521094910048166,1.0
0.17000689804251778,0.06372544234617195,0.03150054211031439,-0.27700121748469864,0.0
0.12955615991235692,-0.050877732054903646,0.017745624637838575,-0.053055439550738825,1.0
0.14553681370418659,0.2501894981122338,0.040326669563957696,0.1976801300159351,1.0
0.0853545757958496,0.06371122468265611,0.1455891573410112,0.06662004546257061,0.0
0.011031209256844865,0.4010720825637404,-0.11765777928301102,0.26418788423058814,1.0
-0.06247248422334495,0.07957212472158848,-0.01919165297243952,0.12887159002426485,0.0
0.02147525023087793,-0.015500294821997662,-0.056218834315696076,-0.04483653365158263,1.0
0.17097921646385628,-0.07348908677612992,0.05078874787230192,-0.06176860377734317,1.0
-0.041669283848507876,0.08366928752670943,-0.01919165297243952,0.12887159002426485,0.0
0.5285998558145009,0.3934673302142184,0.04418085886571055,0.3762067330327393,0.0
0.1148359267483341,0.1126660707980226,-0.031770111839960924,0.024429341183181186,0.0
-0.046851728302006346,0.42521961692380117,-0.16514060208197523,0.2656074578081993,1.0
0.09552940071345795,0.35265096470737356,-0.04037865952756048,0.2533314602799507,0.0
0.07191209324750103,0.3423966340495075,-0.05259905962534406,0.24119544661288572,1.0
0.18350243157413437,-0.010397497578045756,0.06491771014414027,-0.009456090196291456,1.0
-0.0002939024473055385,0.3704708607217876,-0.11337186107942199,0.24211598727455452,1.0
0.07544882546537734,0.3422312564509995,-0.05014951889124297,0.24195916856801392,1.0
0.1352338176110025,0.1277218691148776,0.031533150781363206,0.09295494259742143,1.0
0.06436654579530643,0.40414670535002895,-0.08294889054125021,0.27919869531363173,1.0
0.025944618734608182,0.39738857595882227,-0.1191834901944806,0.2214423020335361,0.0
0.14155431175756916,-0.09920852177042588,0.025110303604411133,-0.08783435559041358,1.0
-0.12264828527904537,-0.14380041965449802,-0.03679651566800668,0.1335791220755469,0.0
0.12746679998732435,0.11949535924145294,0.02446668907540195,0.0837719234956722,1.0
-0.01883451375307832,0.35068397571707954,-0.11790153086746702,0.22516994705653337,1.0
0.025119286904244476,0.40900193133872953,-0.11047545422959215,0.2720225241742721,0.0
0.15232670295070982,0.0636542479266261,0.05668143888979427,0.02676980909568305,0.0
0.2118482085461031,-0.06589027613673404,0.08767240862215697,-0.04776084531861147,1.0
0.191706589299942,0.14679567816981742,0.007130335089815976,0.11076981645208606,0.0
0.09690448219976822,0.11747772424579894,0.00011459012385917067,0.07534831153574528,1.0
0.09140302450021731,0.16624756389884832,0.0009745819299580294,0.11293033542934228,0.0
0.2337157531145878,-0.0966153543409568,0.10746268888979427,-0.06751236300114083,1.0
-0.06655832948536866,0.479441753698573,0.6381835230153556,0.2882199796510575,0.0
0.24972116403194267,-0.0953796908386752,0.12502765724594378,-0.06340130083840356,1.0
0.0017748029615747285,0.39055631666032886,-0.11961638621794868,0.2552281390337534,1.0
-0.031736583618535374,0.3380812548665435,-0.08977269704974289,0.3360912771168333,0.0
-0.05711200066999855,0.065006694326742,0.050023399020353465,0.06257253837778864,0.0
0.06807141426282048,0.15558834813667966,-0.01890609721316816,0.10058551309213382,1.0
0.12541358546555847,0.31401945089544403,-0.00279762591898447,0.23553122849666808,1.0
0.17986009253223234,-0.010050897820693905,0.06246732059430682,-0.010201385776564542,1.0
0.17164086832717662,-0.005386938310336098,0.054578356443756304,-0.008260462502716226,1.0
-0.05295195476604375,-0.12134729833269953,-0.19541113946155658,0.40168888866253805,0.0
0.10103043400514267,-0.03573397520779009,-0.002366993404135931,-0.04573687957228739,1.0
-0.04418142474286546,0.06942626564084453,-0.04671690806986095,0.13938735592767637,0.0
0.1317828157820875,-0.05784470548357595,0.01916647143904826,-0.05814324105008689,1.0
0.17575720022091845,0.026930518207663345,0.06158434002879187,0.02031598014450242,0.0
0.005433410971678931,0.05016681351178831,-0.0642279058923656,0.0038235612007460063,1.0
0.24032081273540484,0.060253396960560646,-0.056282707699550905,-0.09666702599866,0.0
0.2232949838385484,-0.19906203739542588,-0.11728776635837679,-0.19387948683996087,0.0
0.14066779445983624,0.26921011471461687,0.028414813984861675,0.2093094714254672,1.0
0.010170227165725021,0.3845140926046646,-0.11167737730651528,0.2534834690306751,1.0
0.45085420571219026,0.15594902408825873,0.4739833733974359,0.18726516098073298,0.0
0.23032713924199621,-0.0665150045156997,0.08478035195295519,-0.04068066109164492,0.0
0.12197496219940607,0.025839577787737267,0.015584751987360534,0.006303553199243028,1.0
0.15505012822776332,0.06797942385783351,0.04476123662266407,0.04816106193638636,1.0
-0.09613969922497467,0.4530726563631754,-0.2068726629273504,0.27145296881790526,1.0
0.13882841076796315,0.05403713031245472,0.030667005061205233,0.03264651408355068,1.0
0.178695305143597,0.17124022730153554,0.073120311707772,0.1413118333967116,1.0
0.17986009253223234,-0.010050897820693905,0.06246732059430682,-0.010201385776564542,1.0
-0.2751242029620274,0.2728027980361799,-0.05330951839327103,0.13414726273902655,0.0
0.10104479313794723,0.0822974244667174,0.0016535637811458948,0.04766563648730626,1.0
-0.18718080991733665,-0.1882448711724069,-0.14097541942814718,-0.1557348395851441,0.0
0.1315842636353759,-0.08451545070983629,0.017957050489823212,-0.07830417085415758,1.0
0.11862051316003908,-0.056255510228795436,0.009342419622808906,-0.05868390130423368,1.0
0.20407843227129507,0.050906450320512775,0.08938673346280601,0.04580994845990871,1.0
0.174593190913371,0.033001566630903256,0.059937142365638074,0.02410512894076855,1.0
-0.04546030711284943,0.058310599218636794,-0.09953895866154205,-0.0709238241638599,0.0
0.14199930340522238,0.18193551773232652,0.04043779369024336,0.13990265781182099,1.0
0.12552258755251344,-0.047458490081305205,0.014917087679269914,-0.05075451230443284,1.0
0.1195885167680718,0.04932280773531439,0.015011376960198497,0.024924023918495575,1.0
-0.11199196963729541,-0.19577871204096042,0.11310908187563373,-0.19802223812337028,0.0
0.14935004764685644,0.10249145808434734,0.04109322090486023,0.07483923430030426,1.0
0.11489491944172825,0.11399489182692302,-0.045691326461321125,0.07732725468093582,0.0
0.05688812552060696,-0.17490622708197523,0.054698110196653604,-0.11828943965712369,0.0
0.16675784362324353,0.07776860349440462,0.02607986337461976,0.021348281544256165,0.0
0.18540116163262343,0.1562061445204983,0.08026040817850932,0.12988847127154857,1.0
-0.12109403293857746,0.40326379551915825,-0.2046954152067036,0.23492637655276694,1.0
0.23228535713638998,-0.09961920711556571,0.07201020219922494,-0.0828652821916196,0.0
0.22992317368807036,-0.0253483256826742,0.11060931954403885,-0.010805954781888283,1.0
0.04196240821472552,0.20064886303962048,-0.03679651566800668,0.1335791220755469,0.0
-0.0208268964806968,-0.026120500427803117,-0.08164047645724681,-0.05925957520733738,1.0
-0.013424798887259115,0.35445809340141965,-0.11626794962335218,0.22874600773667242,1.0
0.09701610146856443,0.06468371994060551,-0.0019867946907141665,0.03236948184892441,1.0
0.05354011333387654,0.04531561939781614,-0.03370788742213526,0.008561579883746173,1.0
-0.0707167484925032,-0.039536881892383746,-0.0929945893655838,0.0149511110432059,0.0
-0.08702716719632764,0.28698820655421553,-0.13928093565524047,0.16857650206431984,1.0
0.009948615524952964,0.07706659751647837,-0.060248587004744336,0.025810470481584136,1.0
-0.05770808151799944,0.09535072500181085,-0.10281697891768071,-0.020871459306642026,0.0
0.03201103403864258,0.3027171864814211,-0.06431066542626396,0.20576219974558163,1.0
-0.1691274188418984,0.338795179632044,-0.21228948662492753,0.18403612446581197,1.0
-0.04430796902162104,0.08590008137313487,-0.09117285396747787,0.0239537921691656,1.0
0.14739529575003618,-0.09616763940949585,0.029673678450492513,-0.08503344051046646,1.0
0.18797738811476894,-0.038005653678654217,0.06713184598181954,-0.030309618270588867,1.0
0.23923892634995647,-0.1553019081943539,0.10858758193901197,-0.11294893864080835,1.0
0.13825263076289296,0.09377737430736632,0.032462745477509825,0.06634354373777707,0.0
0.47727048305537445,0.4642159800313269,0.5494003682728523,0.4136217524310082,0.0
0.19062548099558163,0.04726000866923796,0.07603896460325221,0.03946176170007609,1.0
0.034548144262458336,0.4003950812825945,0.02547897257080256,0.32853129979718965,0.0
0.11077681918187743,0.13716055858865706,0.010866185331558698,0.09487050750126758,1.0
-0.08743113275025349,-0.3102339626170234,-0.016458749253042138,-0.2806399313760774,0.0
0.12867360375470804,0.02541396743263802,0.020864244372917562,0.00703081144520501,1.0
0.16568946755486746,0.04133269304333265,0.05270756656978848,0.02791716039448433,1.0
0.1037559105868825,0.12838755285292625,0.006055097760937267,0.08581070814998915,1.0
0.1430119405738447,0.12655014973109513,-0.050923921777669134,-0.032728318699750125,0.0
0.163051914136064,0.07424428520661308,0.06737517315840935,0.03934377631328767,0.0
0.15697403981964364,0.2904682803219615,0.0462333660410329,-0.053461703980606234,0.0
0.03303704005504848,0.028762969904389424,-0.04751224841101698,-0.00826177109363685,1.0
0.1454208796220846,-0.09197084685779733,0.028398898689881213,-0.08159531238682455,1.0
0.2248911818231204,-0.07350015674797189,0.10028361763001592,-0.05110348167237072,1.0
0.21559502265772124,-0.06719200579684559,0.09136772791268288,-0.048234661333840356,1.0
0.19732391034695063,0.09193982971624659,0.08607896928871506,0.07835308386073081,1.0
0.24728796300068812,0.003940520935191261,0.057216970882225104,-0.009085617496468912,0.0
0.13426270167861798,0.09126678957518475,0.09033387035075324,0.04423157560571489,0.0
-0.1278446998248044,-0.14426974401981024,-0.13730895987251923,-0.1546975867602854,0.0
0.05514281890572936,0.42595907689591483,-0.09743304682972986,0.29065240260122405,1.0
0.1274709733313414,0.028055694195458503,0.020195377575872753,0.009375947844234345,1.0
-0.01034154647435892,0.042919058912338826,-0.0737534575094162,-0.004493842690677985,1.0
0.1797506660374113,0.041589636638961314,-0.09786965642202661,-0.01823217288905188,0.0
0.10277093066420395,0.12332274011299438,0.00486887777506162,0.08171962852428294,1.0
0.03141976314645811,0.058308654015917005,-0.04796134266804286,0.014752806467749568,1.0
0.12511345836954946,-0.05373162738347459,0.014753478446870916,-0.055498720268814306,1.0
0.05821008528900473,0.13331287687418514,-0.02711456975228166,0.08021439529235475,1.0
0.06293480585886568,0.06965569345981815,-0.026574793681189313,0.029675977326434122,1.0
-0.2696310565831885,0.4114692972032087,-0.29962406658563306,0.20752483634832675,1.0
0.008580112360567882,0.19510956230533827,-0.05790486529860206,0.12088692189989858,1.0
0.19149650740620017,0.03608786063351077,0.07682666560281759,0.02969111454032669,0.0
0.17484514771657245,0.019722799416920123,0.05958276179740696,0.013115688491416755,1.0
0.1352338176110025,0.1277218691148776,0.031533150781363206,0.09295494259742143,1.0
0.5399019787592352,0.25722639273685355,0.36202585153194256,0.30922116629545127,1.0
0.0141881671691656,0.3900944194326742,-0.11124617891451183,0.2578945521874547,1.0
-0.052250974440460674,0.11360040471534116,-0.01919165297243952,0.12887159002426485,0.0
0.09175259511263223,0.10178609221081414,-0.004254405919527748,0.06154677993263802,1.0
0.019930405598109546,0.06176906355253153,-0.05479070184611767,0.01579005929260824,1.0
0.1301833640038751,0.11962784523033465,0.02723955786886134,0.08457359458749814,1.0
0.1976608194580255,-0.1001861099227691,0.0809529003467695,-0.06730935457183468,0.0
0.23517302825764164,-0.08722589617965015,0.10983618988121102,-0.06002984011706869,1.0
0.5554241305863392,0.21957915150115892,0.3988471243254743,0.2862177648078734,1.0
0.25944314575637406,-0.04043719244576632,-0.05729633515319421,0.28290285643470225,0.0
0.12647686863954077,0.12760586429813126,0.030084505264921013,0.09256095062835001,1.0
0.0595438577430103,-0.07014496499483919,-0.03350862792898013,-0.07993821187346078,1.0
0.10214499979628422,-0.07646291269420902,-0.003597493277379349,-0.07749457748216354,1.0
-0.261768405720339,0.330868513916051,0.11405968476115458,0.4690602421501521,0.0
0.021784714299942,0.04359641386670654,-0.054165407589997105,0.0017466152057982187,1.0
0.09451407562835001,-0.02909273481638419,-0.008060354193828778,-0.042883797692126635,1.0
0.1234173123325003,0.129222221656345,0.021715535817760423,0.09091138335461035,1.0
0.37744069890355636,0.37079447171972324,0.16263450899971021,0.34077497159296677,1.0
0.030671319874511105,0.3705210115846371,-0.0924300208016442,0.24935306094270604,1.0
0.17484514771657245,0.019722799416920123,0.05958276179740696,0.013115688491416755,1.0
0.14739529575003618,-0.09616763940949585,0.029673678450492513,-0.08503344051046646,1.0
0.1449331642492394,0.03735238387069029,0.03452557991090832,0.020807373718854105,1.0
0.017781345633239187,0.122754457980226,-0.05380855130921336,0.06400427831422928,1.0
0.01163896132116471,0.04895389119766769,-0.06043730703589023,0.004681112661614528,0.0
0.21222246554939883,-0.18009461324559972,0.08622482412538024,0.3541682935634869,0.0
-0.056754719981348734,0.4637110761399029,-0.18574061719089524,0.2870365890509561,1.0
0.04393456083405767,0.18105246643216721,-0.03524862944553098,0.11627587190352018,1.0
-0.10303703439627698,0.44768055442380117,0.06404887650749669,0.26838655125036215,0.0
0.5735242772616977,0.23714949569027954,0.15589080947595246,0.3922512602084238,0.0
0.014635422325438241,-0.0029010046017129976,-0.05978371892202661,-0.03480204626837968,0.0
0.20643722045668544,0.0014920765880775955,0.0900568027488049,0.0054371599078298916,1.0
0.23633647168803418,-0.07912327803581776,0.11174411544346663,-0.05327899639423078,1.0
-0.002300502838439855,-0.0565435770679415,-0.07172174631953498,-0.07892575154144937,0.0
0.06293480585886568,0.06965569345981815,-0.026574793681189313,0.029675977326434122,1.0
0.11611686042300451,0.04161817806795953,0.011764161641677484,0.017973390192669858,1.0
0.2303579088122918,-0.07779410333369546,0.10564254502118642,-0.053551678448229,1.0
0.24670800965160078,-0.09064354662375051,0.11354671712027375,-0.059566634298493404,0.0
0.0015041722122627332,0.3749930680048529,-0.11382629580209691,0.2452979852509778,1.0
0.09175259511263223,0.10178609221081414,-0.004254405919527748,0.06154677993263802,1.0
0.1165191990801101,-0.014069545170578013,0.009751831744350237,-0.026983038681098803,1.0
0.11426424935263657,-0.011186188862632174,0.007882527297913944,-0.02455726478750181,1.0
0.05827876862867598,0.43119379425159343,-0.09779443012775246,0.29471009547479354,1.0
0.004074598453570943,0.04769605238438002,-0.06522448629671884,0.0015584610518072362,1.0
0.055544025808525244,0.43290295546320434,-0.10029366194951472,0.29519795231692736,1.0
0.13021420430881503,-0.04883523383175792,0.018562821984101086,-0.05057834767266045,1.0
-0.16509087562699187,0.4377588180637042,0.05859735746686223,0.2740905222367087,0.0
0.12383832493571634,-0.013213903545107208,0.015468605701325466,-0.023848008508528917,1.0
0.2217571419355715,-0.057795651007714055,0.09845618809303924,-0.03920014961791973,1.0
0.06379104872881358,0.11241213342477907,-0.04538129651510214,0.0796510645846914,0.0
-0.08429772947450387,0.4024805508021875,-0.18092489650106836,0.24273286410799655,1.0
0.10555214614569752,-0.020059991466572502,0.00116287755323774,-0.03314508722430465,1.0
0.05815526593962772,0.4339682192072287,-0.09911133236907865,0.2962477959084818,1.0
0.050100146109481436,0.1627459867992177,-0.03179409088439811,0.10265499658210198,1.0
0.32337474422352597,-0.22605016897091845,0.22392430996939738,-0.05042301439365132,0.0
0.07764365074514701,0.1413769092695205,-0.013237069141134317,0.09100549579892803,1.0
0.009988439129726245,0.12084377376684052,-0.05921055609879766,0.06067854754047153,1.0
-0.050385843338041414,0.2650675402678183,-0.10615844814980802,0.1621468643615095,1.0
0.043445360033681046,0.20657975076506585,-0.03552817276003184,0.1375135244640011,1.0
0.05250965103487615,0.13601967950981453,-0.031026337054541497,0.08125104687273643,1.0
0.3237090361527597,0.38998711497718386,0.11125618786668834,0.3382139530593582,1.0
-0.0562319202249022,-0.008869204852057055,0.10775758162212079,0.1326784578489425,0.0
0.08055841323518764,0.4588140459763871,-0.09381189281381286,0.31764523803056643,1.0
0.15032441737288138,-0.019753038477383023,0.03598384533898302,-0.023827672298276092,1.0
0.0641575956558742,-0.06841773108159493,-0.03029345540435313,-0.07798116110069897,1.0
0.28210114997555413,0.40042938758510793,0.07488089700583078,0.33354369816565255,1.0
0.0953203091047371,0.0641775074582609,-0.003116073287882104,0.03193566627507971,1.0
0.17097921646385628,-0.07348908677612992,0.05078874787230192,-0.06176860377734317,1.0
0.10421257345085466,-0.02769887328199694,3.013295849629838e-05,-0.03914073251665945,1.0
-0.16244819394647259,-0.16710744960298057,0.18391665365149212,0.299032901795415,0.0
-0.06875612562020139,0.38258232946726056,-0.13545740982181664,0.405788032037701,0.0
0.2422703302685426,-0.07442837211855352,0.11864371412338837,-0.04803034431361364,1.0
0.23824963161397217,0.30369926628368094,0.08614277193792552,0.2572088505450528,1.0
0.11862447430012313,-0.07970828891197668,0.00778286218401425,-0.07672937009950381,1.0
0.11577648531435603,0.12172703727093293,0.015057495948319621,0.08305177408146824,1.0
-0.015644876435064514,0.3557752432140011,-0.11791783520299148,0.229011828530168,1.0
0.4178869100164784,0.32660194163769374,0.15864740930120957,-0.0755410634416196,0.0
0.224175913099377,0.08107067352962483,0.11411146252082427,0.07688661321391066,1.0
0.008189303450492513,0.1669588007478633,-0.05921678074750103,0.09760305754744314,1.0
0.1306016886906055,0.1259375169763146,0.02782580660129652,0.09011232944462555,1.0
0.1845409576225916,0.1405742125253513,0.07768382802314211,0.11677002412900184,1.0
0.12989971808000145,-0.06708109387449296,0.01740588614098937,-0.06532355016614155,1.0
0.3859417299317325,0.2775394020262929,0.2174501094406417,0.2797668359771114,1.0
0.007954040023359421,0.059996028957065795,-0.06259846262494573,0.012297041084945004,0.0
0.07243418565750392,0.20102983983413003,-0.014483696513291289,0.13865150342242505,1.0
0.12699804149916705,-0.049792308937237406,0.016020618865891678,-0.05253210928445967,1.0
0.03577539034206145,0.4172662842468854,-0.10709628343202227,0.2803531554441909,1.0
0.003809272802585806,0.058364145344415475,-0.06522632539747208,0.009925732867503312,1.0
-0.12571031729863824,-0.1413137785994314,-0.03679651566800668,0.1335791220755469,0.0
0.05447720590232508,0.4317102986246921,-0.10054537118146101,0.29422315818303635,1.0
-0.07225614655765611,-0.06738525284523034,-0.08750565169808411,0.057575454059829,0.0
0.19725940035129652,0.44230599467622767,0.06420548301010431,0.2907707416612342,0.0
0.4246932097004925,0.38735529106457334,0.27318879699043896,0.2575828953444155,0.0
0.14460785561983924,0.10045097579856588,0.037649151071092235,0.07236755362251923,1.0
0.2984994211076706,-0.19762527529923585,0.1799264416286397,-0.13494688252616616,1.0
0.21095673982326524,0.26292173409658837,0.16181023818901197,0.2835733501285672,0.0
0.24524960275423724,-0.09066692442371072,0.12047715610513543,-0.06043224950881865,1.0
0.3507965145362524,0.2683325807167174,0.19272771462588734,0.2632601286351949,1.0
0.04222631917282338,0.09997280960270893,-0.03930448321834712,0.04968373125814862,1.0
0.12922639500036215,-0.05484286864633131,0.017481855149029446,-0.05562929642229825,1.0
0.16312505375832975,0.12346647291032886,0.05379574833858469,0.09610199765953209,1.0
0.17122374612940028,0.2881485376602564,0.3597885854655585,0.39022181252716204,0.0
-0.27660386562002026,0.4230508927277995,-0.3072524443063704,0.2129760017157395,1.0
0.04363386786089385,0.09996601907685065,-0.03779217652198319,0.04946632832871578,1.0
0.11863246731493549,0.030089704261281325,-0.04917529063450676,0.06678478644927932,0.0
-0.04289348833840356,0.08421783469370203,-0.0907135031870201,0.022675511043658503,1.0
0.015201582418875814,0.387774464567036,-0.10978161810308928,0.2566878191547153,1.0
0.1259049083052658,0.008039416739098915,0.018071852817615475,-0.007107841472910326,1.0
0.019930405598109546,0.06176906355253153,-0.05479070184611767,0.01579005929260824,1.0
0.056519880962081714,0.11844551564989858,-0.09578337345402366,0.03331538088059538,0.0
0.1672092721235332,0.05477910136444297,0.054838023323192764,0.03981897165408155,1.0
0.016619670568955525,0.18224321343528171,-0.05283998182402583,0.11293054763327537,0.0
0.47812715033318853,0.36936923937056354,0.1045926306949877,0.08163421644122115,0.0
0.025462632867955914,0.1344084857806388,-0.048645629617557584,0.07479608616724609,1.0
-0.002386586900622878,0.37022562370980006,-0.11471214112070838,0.24149394681207448,1.0
0.20668097204114155,0.012037692511408071,0.20048086825927136,0.00013216768298207615,0.0
0.038376727622953744,-0.0022917317425394934,-0.04521400908119655,-0.031474759332446034,1.0
-0.052945871586629,-0.027820572237614083,-0.09264947503576348,0.006273031200202839,0.0
0.24208267125706218,-0.10888594066891205,-0.003096974933905594,-0.03359131672823412,0.0
0.10815164432583657,0.12269730438758508,0.00919918196798497,0.08176956718319928,1.0
0.026074275337715447,0.16946400964707375,-0.04757279726658703,0.10348365294075035,1.0
0.031005824007677818,0.09490431866127047,-0.03930448321834712,0.04968373125814862,0.0
-0.6201549421164257,-0.34970778457396234,-0.27355145351205995,-0.3919652446739642,0.0
0.022181960062653938,0.058482661241036515,-0.05362930972041147,0.013385505792318564,1.0
-0.5141045234522128,0.4007069503295668,0.6246552393434013,0.36771793909803707,0.0
-0.05067826035781542,0.12017738268234823,0.1536938621568521,0.10323777931696365,0.0
0.008255794016188589,0.1670593854121396,-0.05921678074750103,0.09760305754744314,1.0
0.026320290430790982,0.11810903094668979,-0.049246520421374784,0.06173175102763295,1.0
0.1205193139531725,-0.016694684659296688,0.012968065288642583,-0.027206454055302032,1.0
0.07836224399717517,0.15750129585868466,-0.01078342579766045,0.1045286865764885,1.0
0.15727727924000434,0.021420430881500807,0.04546936114732725,0.010633892759488672,1.0
0.15083045301861508,0.3553564941194046,-0.0018724167707880879,0.26903936128313777,0.0
0.09175259511263223,0.10178609221081414,-0.004254405919527748,0.06154677993263802,1.0
0.18548250647363462,0.022874735169491567,0.06933395692995803,0.01805194101522889,1.0
0.13062389936893382,0.09896363843166012,0.026350140450709825,0.06846176339770749,0.0
0.13739313409930465,0.18807747763653482,0.03642841257877005,0.1440313682683254,1.0
0.14819813396349413,-0.049547850006337824,0.03265945852346808,-0.04762903130885121,1.0
0.6039094754997827,0.23556723243064603,-0.4934163376091011,0.3951041298846516,0.0
0.02235066218944659,0.38730605975210053,-0.10614935874800813,0.25844479698591194,1.0
0.006276921605642527,0.3767640512956323,-0.10671693353433287,0.26491871457609006,0.0
0.055072154996016254,-0.06951242043767203,-0.03651025256229179,-0.07988756586810081,1.0
0.1712889634714979,-0.04652726848833838,0.05389767696110381,-0.04108780970456688,1.0
0.2708650931886498,0.43812225266641314,0.04925140111183546,0.35468713217984926,1.0
0.09599250043006669,-0.03432037870762711,-0.006418461629001837,-0.04547689438695135,1.0
0.059008962362378625,0.1350308091816963,-0.026612495246631895,0.08153278296121247,1.0
-0.052945871586629,-0.027820572237614083,-0.09264947503576348,0.006273031200202839,0.0
0.11915767204929018,-0.01398257692534044,0.011611445544509658,-0.02633967172334495,1.0
-0.22470645829938068,0.3767312304206504,0.20682463410383167,0.3645216527234535,0.0
0.11186096907594523,0.34848589664366936,-0.026919625072432285,0.2548417156716283,1.0
0.15592440843202227,-0.025171595173746897,0.040535124560879376,-0.026974727360386808,1.0
0.037001504667354745,0.4209283582545632,-0.10758636841545344,0.2828803628177966,1.0
-0.05629345936549324,0.46244025751937556,-0.18532268154470882,0.286292885000181,1.0
0.25458834417553955,-0.12391118161940462,0.12758266333478196,-0.08527620180990148,1.0
0.1020845924100029,-0.02128299346751411,-0.0011615335949949346,-0.03454199034839922,1.0
0.2390683143877662,0.02041302807656087,0.12459751987360568,0.0295431376643307,1.0
-0.0017429723716138046,0.36166970259760245,-0.1112829255622555,0.23578608542028823,1.0
0.022475296632804564,0.0637755578416993,-0.05349300406073443,0.017530909624891344,1.0
0.23410472292390982,-0.08025337008139577,0.10934133030928583,-0.054547480771494294,1.0
-0.06510126654624804,-0.010924010903321013,-0.06422634973018981,0.0979758998578516,0.0
0.055435731068013916,0.13027581418405043,-0.029137085438396326,0.07682309350327754,1.0
0.15353294084093871,0.07742331232797339,0.04398796549054762,0.05524630369042449,1.0
0.276562273649138,-0.12496198012865783,0.15344629090160078,-0.0818190814342496,1.0
0.06689396537284509,0.1221375104121396,-0.021421987043676705,0.07254049982797339,1.0
0.5187182259977545,0.24340208457826307,0.3513585012856728,0.2929244701126321,1.0
0.6290048540942343,0.29331131788262343,-0.10410732030005065,0.4838210062653918,0.0
-0.042561389183145004,0.46702025500688105,-0.17804468788479644,0.2925519814754455,1.0
0.11907349782250465,0.05776382041775319,0.015131130713095797,0.03182121762050916,1.0
0.009232639454766045,-0.06634891957074823,-0.06515679324206869,-0.08525073733793276,1.0
0.17318323724739237,0.016421755034043195,0.057627090350210075,0.00987986145063735,1.0
0.020864244372917562,0.12307806897816165,-0.052397678092858224,0.06462264057520284,1.0
0.124771102690859,-0.0645528962158663,0.013374223616543501,-0.06421375896349413,1.0
0.14362025851531945,-0.04431801334111979,0.02920654685915547,-0.04497018676209619,1.0
0.21508700644194556,0.3636748882958496,0.04116374334528461,0.2913501998678111,1.0
0.019376836271367548,0.3160162899056569,0.05103320680320145,-0.1628512399500217,0.0
0.165087727935318,0.09843468476115458,0.057288695811603674,0.07476089568167821,0.0
0.14994513820983624,-0.07136552665055046,0.032194873379327804,-0.06449061436150949,1.0
0.013047924702122238,0.13527965366054617,-0.056477227971534094,0.08597251364895697,0.0
0.1291901788624511,-0.06431381311793782,0.0170261118354339,-0.06318096242122989,1.0
0.25876232480443284,0.4131549037782486,0.051560321372953744,0.33553120020281035,1.0
0.07463587219777634,0.40068042483793276,0.42370483451488483,0.3902358179867449,0.0
0.41717885622645956,0.32752326038045054,0.2169697504708098,0.3229352698781327,1.0
0.02505831364080835,0.4001551493689338,-0.10787528407033176,0.26703721717459794,1.0
0.04530009314337968,0.009786810025985027,-0.04029582925901787,-0.021071815186784748,1.0
0.08816535835868466,0.05340235761399026,-0.008887808063523073,0.022052161990257835,1.0
-0.005315920727401169,0.04435345139794289,-0.07087943817452558,-0.002429239891170498,1.0
0.19348323136226997,0.10728910607254094,0.08165359773377512,0.09091474325021731,0.0
0.08905399769574818,0.06436725314174996,-0.008416573862813248,0.03083616696318625,1.0
0.13397268963675213,0.02890801129264453,0.025332764060915558,0.011284616120255664,1.0
0.05797878300195569,0.12461265708749814,-0.027689147268397774,0.0731073672678545,1.0
0.2233338171583007,-0.07976894386951328,0.09826711438867164,-0.05668009493155152,1.0
0.010649595850536042,0.19336878270769953,-0.056770988949550905,0.11997303029479933,1.0
0.06263283966210342,0.12272743734608138,-0.024180496704331422,0.07218371428183401,1.0
0.44558567719650877,0.3685782138427133,0.21856234098851945,0.35884491457518464,0.0
0.23871959259108355,-0.08274913590558453,0.11401858793278286,-0.05552623604546936,1.0
0.1612594982480443,0.08670302568855937,0.051252484200709825,0.06476258906906418,1.0
0.034849544582065795,0.17283175679957985,0.1264219785555193,0.07334966879210125,0.0
0.13845832710868466,0.38770818620527303,-0.024463576751050264,0.2869212208460089,1.0
0.16417899995925678,0.042918705239117005,-0.04983383017347531,0.11516781369965956,0.0
0.12632988204856588,0.07641117030186151,0.021776792019774005,0.04850313467649936,1.0
0.20631548613374617,0.010410548119929697,0.08882326128585394,0.013854582586375508,0.0
0.1217763393180501,-0.07287228067733231,0.13101866941909313,0.012632641605099248,0.0
0.34348524022616966,0.430401919908011,0.4307616055745691,0.3142628488066782,0.0
0.05224984268615096,-0.07002153304043529,-0.03823943167825583,-0.0808482130731204,1.0
0.2239460962398595,-0.06458168521611979,0.10021578310607704,-0.044269736946345783,1.0
0.19705292592441692,-0.04168774559068522,0.0753816982878821,-0.03186956474992758,1.0
0.12077855642474289,-0.06696958070766335,0.010329804523395603,-0.06682995051970159,1.0
0.02858945782178035,0.13716331723978703,-0.04677116154208316,0.07737139309901486,1.0
0.1333481027270752,-0.07989410882270387,0.019927859150912663,-0.07481946396720629,1.0
0.2600011006310662,-0.10860600831386713,0.04107001994151094,0.07333315225264381,0.0
0.04081113114316237,0.1533803662130595,-0.038196495749130865,0.09366709899681303,0.0
0.15096442443502822,0.04624128832120089,0.04022629710361436,0.02831907464372374,0.0
0.05326375307837172,-0.07251832451696727,-0.03767617170523685,-0.08292431025233593,1.0
0.05988642562563373,0.181087055673258,-0.023354598996813025,0.12164548022598864,0.0
0.6151486446110386,0.2730453471316818,0.4222669406643851,0.3439194094732363,0.0
0.2384890683851224,-0.07973955362478269,0.11392649142582933,-0.05321133870690281,1.0
0.05501252569082282,0.12627357727165722,-0.03000499952466318,0.0742662836810083,0.0
0.18370473265699694,-0.025323851495726468,0.06350160256410253,-0.02140614248334055,1.0
-0.022547799643271027,-0.23904323895634144,-0.014501875316891177,-0.16748124683108795,0.0
0.5430865939174996,0.22236121579838475,0.38608970680772847,0.28460296361183546,1.0
0.22053145201814428,-0.06339578353614372,0.01648697237614083,-0.02061041310164058,0.0
0.26324668905276694,0.33522753637458347,0.09064672968274667,0.2853003364705563,1.0
-0.000848037651202338,-0.01530216708315224,-0.0700042384198899,-0.048071052101441414,1.0
0.22663811533481815,0.3632675274789946,0.05001137413081269,0.2941579408409387,1.0
-0.00014111561549323692,-0.04808901870110821,-0.07038238582862522,-0.0730531845302767,1.0
0.10288311581015497,-0.06998252288407214,-0.0027871571916195936,-0.07212698509705923,1.0
0.13680285349214105,0.01692510276329129,0.027894065533101586,0.002932375416485611,1.0
0.21327436044563952,-0.06771116271910765,0.08924604225517885,-0.04915332752743373,1.0
0.17908321393325366,0.16725171291014773,0.11475571366163262,0.1112414043260177,0.0
0.06689396537284509,0.1221375104121396,-0.021421987043676705,0.07254049982797339,1.0
-0.011898133058090732,0.12273260097511951,-0.07160878309249596,0.05637285900378464,0.0
0.019132094401890454,0.0022403430234136934,-0.0574651787492757,-0.03130489008402143,1.0
-0.29561100727265316,0.40546435030512096,0.4642242559847167,0.3251118456196581,0.0
-0.011671923665435346,-0.007792941870835124,-0.07622612847222221,-0.04369491185897434,1.0
0.02958136973960601,0.13837528463620885,-0.04624220787157762,0.07851404054396638,1.0
0.014643556809539326,0.11942427092387364,-0.05668971484318408,0.0603288000914457,1.0
0.1504230922017601,-0.0522948652872845,0.03439938930537445,-0.049836624191927414,1.0
-0.0208268964806968,-0.026120500427803117,-0.08164047645724681,-0.05925957520733738,1.0
0.5991610588240619,0.3596546140491452,-0.035095488940496855,0.2577294575275243,0.0
0.2172341565714182,0.11598366708767927,0.1104911926879617,0.10586634943593365,1.0
0.021816261951325466,0.004173131813160924,-0.055106461298529585,-0.028788611212968995,1.0
0.05326375307837172,-0.07251832451696727,-0.03767617170523685,-0.08292431025233593,1.0
0.1848333746423656,-0.2294105774040725,0.14340126405638853,-0.04530101269375636,0.0
0.15069789629508912,-0.09669595646820223,0.03193032580943067,-0.08420690619114879,1.0
0.05934806424742867,0.12800975911741275,-0.026507878707627164,0.07631843718310882,1.0
0.12765530781453716,0.023463777920378792,0.020041529724395213,0.006101181381736209,1.0
0.08655218405946685,-0.0014184064559792375,-0.01377967459800089,-0.023672374386589146,0.0
0.09945538567923362,0.07863938233376788,0.18301492840522238,0.09837045770407793,0.0
0.024758398748732424,0.1715097262965377,-0.048325130943973615,0.10478630215123863,1.0
0.10281570569408227,0.038497754599449485,0.06350160256410253,-0.02140614248334055,0.0
-0.24534155779190203,0.3720985356230986,0.05083670596117629,0.34521625844288717,1.0
